CREATE DATABASE  IF NOT EXISTS `db_witravel` /*!40100 DEFAULT CHARACTER SET utf8 COLLATE utf8_bin */;
USE `db_witravel`;
-- MySQL dump 10.13  Distrib 5.5.49, for debian-linux-gnu (x86_64)
--
-- Host: 127.0.0.1    Database: db_witravel
-- ------------------------------------------------------
-- Server version	5.5.49-0+deb8u1

/*!40101 SET @OLD_CHARACTER_SET_CLIENT=@@CHARACTER_SET_CLIENT */;
/*!40101 SET @OLD_CHARACTER_SET_RESULTS=@@CHARACTER_SET_RESULTS */;
/*!40101 SET @OLD_COLLATION_CONNECTION=@@COLLATION_CONNECTION */;
/*!40101 SET NAMES utf8 */;
/*!40103 SET @OLD_TIME_ZONE=@@TIME_ZONE */;
/*!40103 SET TIME_ZONE='+00:00' */;
/*!40014 SET @OLD_UNIQUE_CHECKS=@@UNIQUE_CHECKS, UNIQUE_CHECKS=0 */;
/*!40014 SET @OLD_FOREIGN_KEY_CHECKS=@@FOREIGN_KEY_CHECKS, FOREIGN_KEY_CHECKS=0 */;
/*!40101 SET @OLD_SQL_MODE=@@SQL_MODE, SQL_MODE='NO_AUTO_VALUE_ON_ZERO' */;
/*!40111 SET @OLD_SQL_NOTES=@@SQL_NOTES, SQL_NOTES=0 */;

--
-- Table structure for table `tb_city`
--

DROP TABLE IF EXISTS `tb_city`;
/*!40101 SET @saved_cs_client     = @@character_set_client */;
/*!40101 SET character_set_client = utf8 */;
CREATE TABLE `tb_city` (
  `id` int(11) NOT NULL AUTO_INCREMENT,
  `country_id` int(11) NOT NULL,
  `province_id` int(11) NOT NULL,
  `name` varchar(255) COLLATE utf8_bin NOT NULL,
  PRIMARY KEY (`id`)
) ENGINE=InnoDB AUTO_INCREMENT=52997 DEFAULT CHARSET=utf8 COLLATE=utf8_bin;
/*!40101 SET character_set_client = @saved_cs_client */;

--
-- Dumping data for table `tb_city`
--

LOCK TABLES `tb_city` WRITE;
/*!40000 ALTER TABLE `tb_city` DISABLE KEYS */;
INSERT INTO `tb_city` VALUES (72,1,1,'朝阳区'),(78,1,2,'黄浦区'),(113,1,4,'万州区'),(114,1,4,'涪陵区'),(115,1,4,'梁平县'),(119,1,4,'南川区'),(123,1,4,'潼南县'),(126,1,4,'大足区'),(128,1,4,'黔江区'),(129,1,4,'武隆县'),(130,1,4,'丰都县'),(131,1,4,'奉节县'),(132,1,4,'开县'),(133,1,4,'云阳县'),(134,1,4,'忠县'),(135,1,4,'巫溪县'),(136,1,4,'巫山县'),(137,1,4,'石柱县'),(138,1,4,'彭水县'),(139,1,4,'垫江县'),(140,1,4,'酉阳县'),(141,1,4,'秀山县'),(142,1,5,'石家庄市'),(148,1,5,'邯郸市'),(164,1,5,'邢台市'),(199,1,5,'保定市'),(224,1,5,'张家口市'),(239,1,5,'承德市'),(248,1,5,'秦皇岛市'),(258,1,5,'唐山市'),(264,1,5,'沧州市'),(274,1,5,'廊坊市'),(275,1,5,'衡水市'),(303,1,6,'太原市'),(309,1,6,'大同市'),(318,1,6,'阳泉市'),(325,1,6,'晋城市'),(330,1,6,'朔州市'),(336,1,6,'晋中市'),(350,1,6,'忻州市'),(368,1,6,'吕梁市'),(379,1,6,'临汾市'),(398,1,6,'运城市'),(412,1,7,'郑州市'),(420,1,7,'开封市'),(427,1,7,'洛阳市'),(438,1,7,'平顶山市'),(446,1,7,'焦作市'),(454,1,7,'鹤壁市'),(458,1,7,'新乡市'),(468,1,7,'安阳市'),(475,1,7,'濮阳市'),(482,1,7,'许昌市'),(489,1,7,'漯河市'),(495,1,7,'三门峡市'),(502,1,7,'南阳市'),(517,1,7,'商丘市'),(527,1,7,'周口市'),(538,1,7,'驻马店市'),(549,1,7,'信阳市'),(560,1,8,'沈阳市'),(573,1,8,'大连市'),(579,1,8,'鞍山市'),(584,1,8,'抚顺市'),(589,1,8,'本溪市'),(593,1,8,'丹东市'),(598,1,8,'锦州市'),(604,1,8,'葫芦岛市'),(609,1,8,'营口市'),(613,1,8,'盘锦市'),(617,1,8,'阜新市'),(621,1,8,'辽阳市'),(632,1,8,'朝阳市'),(639,1,9,'长春市'),(644,1,9,'吉林市'),(651,1,9,'四平市'),(657,1,9,'通化市'),(664,1,9,'白山市'),(674,1,9,'松原市'),(681,1,9,'白城市'),(687,1,9,'延边州'),(698,1,10,'哈尔滨市'),(712,1,10,'齐齐哈尔市'),(727,1,10,'鹤岗市'),(731,1,10,'双鸭山市'),(737,1,10,'鸡西市'),(742,1,10,'大庆市'),(753,1,10,'伊春市'),(757,1,10,'牡丹江市'),(765,1,10,'佳木斯市'),(773,1,10,'七台河市'),(776,1,10,'黑河市'),(782,1,10,'绥化市'),(793,1,10,'大兴安岭地区'),(799,1,11,'呼和浩特市'),(805,1,11,'包头市'),(810,1,11,'乌海市'),(812,1,11,'赤峰市'),(823,1,11,'乌兰察布市'),(835,1,11,'锡林郭勒盟'),(848,1,11,'呼伦贝尔市'),(870,1,11,'鄂尔多斯市'),(880,1,11,'巴彦淖尔市'),(891,1,11,'阿拉善盟'),(895,1,11,'兴安盟'),(902,1,11,'通辽市'),(904,1,12,'南京市'),(911,1,12,'徐州市'),(919,1,12,'连云港市'),(925,1,12,'淮安市'),(933,1,12,'宿迁市'),(939,1,12,'盐城市'),(951,1,12,'扬州市'),(959,1,12,'泰州市'),(965,1,12,'南通市'),(972,1,12,'镇江市'),(978,1,12,'常州市'),(984,1,12,'无锡市'),(988,1,12,'苏州市'),(1000,1,13,'济南市'),(1007,1,13,'青岛市'),(1016,1,13,'淄博市'),(1022,1,13,'枣庄市'),(1025,1,13,'东营市'),(1032,1,13,'潍坊市'),(1042,1,13,'烟台市'),(1053,1,13,'威海市'),(1058,1,13,'莱芜市'),(1060,1,13,'德州市'),(1072,1,13,'临沂市'),(1081,1,13,'聊城市'),(1090,1,13,'滨州市'),(1099,1,13,'菏泽市'),(1108,1,13,'日照市'),(1112,1,13,'泰安市'),(1114,1,14,'铜陵市'),(1116,1,14,'合肥市'),(1121,1,14,'淮南市'),(1124,1,14,'淮北市'),(1127,1,14,'芜湖市'),(1132,1,14,'蚌埠市'),(1137,1,14,'马鞍山市'),(1140,1,14,'安庆市'),(1151,1,14,'黄山市'),(1158,1,15,'宁波市'),(1159,1,14,'滁州市'),(1167,1,14,'阜阳市'),(1174,1,14,'亳州市'),(1180,1,14,'宿州市'),(1201,1,14,'池州市'),(1206,1,14,'六安市'),(1213,1,15,'杭州市'),(1233,1,15,'温州市'),(1243,1,15,'嘉兴市'),(1250,1,15,'湖州市'),(1255,1,15,'绍兴市'),(1262,1,15,'金华市'),(1273,1,15,'衢州市'),(1280,1,15,'丽水市'),(1290,1,15,'台州市'),(1298,1,15,'舟山市'),(1303,1,16,'福州市'),(1310,1,84,'钓鱼岛'),(1315,1,16,'厦门市'),(1317,1,16,'三明市'),(1329,1,16,'莆田市'),(1332,1,16,'泉州市'),(1341,1,16,'漳州市'),(1352,1,16,'南平市'),(1362,1,16,'龙岩市'),(1370,1,16,'宁德市'),(1381,1,17,'武汉市'),(1387,1,17,'黄石市'),(1396,1,17,'襄阳市'),(1405,1,17,'十堰市'),(1413,1,17,'荆州市'),(1421,1,17,'宜昌市'),(1432,1,17,'孝感市'),(1441,1,17,'黄冈市'),(1458,1,17,'咸宁市'),(1466,1,17,'恩施州'),(1475,1,17,'鄂州市'),(1477,1,17,'荆门市'),(1479,1,17,'随州市'),(1482,1,18,'长沙市'),(1488,1,18,'株洲市'),(1495,1,18,'湘潭市'),(1501,1,18,'衡阳市'),(1511,1,18,'邵阳市'),(1522,1,18,'岳阳市'),(1530,1,18,'常德市'),(1540,1,18,'张家界市'),(1544,1,18,'郴州市'),(1555,1,18,'益阳市'),(1560,1,18,'永州市'),(1574,1,18,'怀化市'),(1586,1,18,'娄底市'),(1592,1,18,'湘西州'),(1601,1,19,'广州市'),(1607,1,19,'深圳市'),(1609,1,19,'珠海市'),(1611,1,19,'汕头市'),(1617,1,19,'韶关市'),(1627,1,19,'河源市'),(1634,1,19,'梅州市'),(1643,1,19,'惠州市'),(1650,1,19,'汕尾市'),(1655,1,19,'东莞市'),(1657,1,19,'中山市'),(1659,1,19,'江门市'),(1666,1,19,'佛山市'),(1672,1,19,'阳江市'),(1677,1,19,'湛江市'),(1684,1,19,'茂名市'),(1690,1,19,'肇庆市'),(1698,1,19,'云浮市'),(1704,1,19,'清远市'),(1705,1,19,'潮州市'),(1709,1,19,'揭阳市'),(1715,1,20,'南宁市'),(1720,1,20,'柳州市'),(1726,1,20,'桂林市'),(1740,1,20,'梧州市'),(1746,1,20,'北海市'),(1749,1,20,'防城港市'),(1753,1,20,'钦州市'),(1757,1,20,'贵港市'),(1761,1,20,'玉林市'),(1792,1,20,'贺州市'),(1806,1,20,'百色市'),(1818,1,20,'河池市'),(1827,1,21,'南昌市'),(1832,1,21,'景德镇市'),(1836,1,21,'萍乡市'),(1842,1,21,'新余市'),(1845,1,21,'九江市'),(1857,1,21,'鹰潭市'),(1861,1,21,'上饶市'),(1874,1,21,'宜春市'),(1885,1,21,'抚州市'),(1898,1,21,'吉安市'),(1911,1,21,'赣州市'),(1930,1,22,'成都市'),(1946,1,22,'自贡市'),(1950,1,22,'攀枝花市'),(1954,1,22,'泸州市'),(1960,1,22,'绵阳市'),(1962,1,22,'德阳市'),(1977,1,22,'广元市'),(1983,1,22,'遂宁市'),(1988,1,22,'内江市'),(1993,1,22,'乐山市'),(2005,1,22,'宜宾市'),(2016,1,22,'广安市'),(2022,1,22,'南充市'),(2033,1,22,'达州市'),(2042,1,22,'巴中市'),(2047,1,22,'雅安市'),(2058,1,22,'眉山市'),(2065,1,22,'资阳市'),(2070,1,22,'阿坝州'),(2084,1,22,'甘孜州'),(2103,1,22,'凉山州'),(2121,1,23,'海口市'),(2144,1,24,'贵阳市'),(2150,1,24,'六盘水市'),(2155,1,24,'遵义市'),(2169,1,24,'铜仁市'),(2180,1,24,'毕节市'),(2189,1,24,'安顺市'),(2196,1,24,'黔西南州'),(2205,1,24,'黔东南州'),(2222,1,24,'黔南州'),(2235,1,25,'昆明市'),(2247,1,25,'曲靖市'),(2258,1,25,'玉溪市'),(2270,1,25,'昭通市'),(2281,1,25,'普洱市'),(2291,1,25,'临沧市'),(2298,1,25,'保山市'),(2304,1,25,'丽江市'),(2309,1,25,'文山州'),(2318,1,25,'红河州'),(2332,1,25,'西双版纳州'),(2336,1,25,'楚雄州'),(2347,1,25,'大理州'),(2360,1,25,'德宏州'),(2366,1,25,'怒江州'),(2376,1,27,'西安市'),(2386,1,27,'铜川市'),(2390,1,27,'宝鸡市'),(2402,1,27,'咸阳市'),(2416,1,27,'渭南市'),(2428,1,27,'延安市'),(2442,1,27,'汉中市'),(2454,1,27,'榆林市'),(2468,1,27,'商洛市'),(2476,1,27,'安康市'),(2487,1,28,'兰州市'),(2492,1,28,'金昌市'),(2495,1,28,'白银市'),(2501,1,28,'天水市'),(2509,1,28,'嘉峪关市'),(2518,1,28,'平凉市'),(2525,1,28,'庆阳市'),(2534,1,28,'陇南市'),(2544,1,28,'武威市'),(2549,1,28,'张掖市'),(2556,1,28,'酒泉市'),(2564,1,28,'甘南州'),(2573,1,28,'临夏州'),(2580,1,29,'西宁市'),(2585,1,29,'海东地区'),(2592,1,29,'海北州'),(2597,1,29,'黄南州'),(2603,1,29,'海南州'),(2605,1,29,'果洛州'),(2612,1,29,'玉树州'),(2620,1,29,'海西州'),(2628,1,30,'银川市'),(2632,1,30,'石嘴山市'),(2637,1,30,'吴忠市'),(2644,1,30,'固原市'),(2652,1,31,'乌鲁木齐市'),(2654,1,31,'克拉玛依市'),(2656,1,31,'石河子市'),(2658,1,31,'吐鲁番地区'),(2662,1,31,'哈密地区'),(2666,1,31,'和田地区'),(2675,1,31,'阿克苏地区'),(2686,1,31,'喀什地区'),(2699,1,31,'克孜勒苏州'),(2704,1,31,'巴音郭楞州'),(2714,1,31,'昌吉州'),(2723,1,31,'博尔塔拉州'),(2727,1,31,'伊犁州'),(2736,1,31,'塔城地区'),(2744,1,31,'阿勒泰地区'),(2768,1,32,'台湾'),(2780,1,7,'济源市'),(2800,1,1,'海淀区'),(2801,1,1,'西城区'),(2802,1,1,'东城区'),(2803,1,1,'崇文区'),(2804,1,1,'宣武区'),(2805,1,1,'丰台区'),(2806,1,1,'石景山区'),(2807,1,1,'门头沟'),(2808,1,1,'房山区'),(2809,1,1,'通州区'),(2810,1,1,'大兴区'),(2812,1,1,'顺义区'),(2813,1,2,'徐汇区'),(2814,1,1,'怀柔区'),(2815,1,2,'长宁区'),(2816,1,1,'密云区'),(2817,1,2,'静安区'),(2820,1,2,'闸北区'),(2822,1,2,'虹口区'),(2823,1,2,'杨浦区'),(2824,1,2,'宝山区'),(2825,1,2,'闵行区'),(2826,1,2,'嘉定区'),(2830,1,2,'浦东新区'),(2833,1,2,'青浦区'),(2834,1,2,'松江区'),(2835,1,2,'金山区'),(2837,1,2,'奉贤区'),(2841,1,2,'普陀区'),(2900,1,13,'济宁市'),(2901,1,1,'昌平区'),(2919,1,2,'崇明县'),(2922,1,17,'潜江市'),(2951,1,26,'拉萨市'),(2953,1,1,'平谷区'),(2971,1,14,'宣城市'),(2980,1,17,'天门市'),(2983,1,17,'仙桃市'),(2992,1,9,'辽源市'),(3034,1,23,'儋州市'),(3044,1,20,'来宾市'),(3065,1,1,'延庆县'),(3071,1,30,'中卫市'),(3074,1,6,'长治市'),(3080,1,28,'定西市'),(3107,1,26,'那曲地区'),(3115,1,23,'琼海市'),(3129,1,26,'山南地区'),(3137,1,23,'万宁市'),(3138,1,26,'昌都地区'),(3144,1,26,'日喀则地区'),(3154,1,17,'神农架林区'),(3168,1,20,'崇左市'),(3173,1,23,'东方市'),(3690,1,23,'三亚市'),(3698,1,23,'文昌市'),(3699,1,23,'五指山市'),(3701,1,23,'临高县'),(3702,1,23,'澄迈县'),(3703,1,23,'定安县'),(3704,1,23,'屯昌县'),(3705,1,23,'昌江县'),(3706,1,23,'白沙县'),(3707,1,23,'琼中县'),(3708,1,23,'陵水县'),(3709,1,23,'保亭县'),(3710,1,23,'乐东县'),(3711,1,23,'三沙市'),(3970,1,26,'阿里地区'),(3971,1,26,'林芝地区'),(4108,1,25,'迪庆州'),(4110,1,31,'五家渠市'),(4164,1,4,'城口县'),(6858,1,8,'铁岭市'),(15945,1,31,'阿拉尔市'),(15946,1,31,'图木舒克市'),(48131,1,4,'璧山县'),(48132,1,4,'荣昌县'),(48133,1,4,'铜梁县'),(48201,1,4,'合川区'),(48202,1,4,'巴南区'),(48203,1,4,'北碚区'),(48204,1,4,'江津区'),(48205,1,4,'渝北区'),(48206,1,4,'长寿区'),(48207,1,4,'永川区'),(50950,1,4,'江北区'),(50951,1,4,'南岸区'),(50952,1,4,'九龙坡区'),(50953,1,4,'沙坪坝区'),(50954,1,4,'大渡口区'),(50995,1,4,'綦江区'),(51026,1,4,'渝中区'),(51027,1,4,'高新区'),(51028,1,4,'北部新区'),(51035,1,3,'东丽区'),(51036,1,3,'和平区'),(51037,1,3,'河北区'),(51038,1,3,'河东区'),(51039,1,3,'河西区'),(51040,1,3,'红桥区'),(51041,1,3,'蓟县'),(51042,1,3,'静海县'),(51043,1,3,'南开区'),(51044,1,3,'塘沽区'),(51045,1,3,'西青区'),(51046,1,3,'武清区'),(51047,1,3,'津南区'),(51048,1,3,'汉沽区'),(51049,1,3,'大港区'),(51050,1,3,'北辰区'),(51051,1,3,'宝坻区'),(51052,1,3,'宁河县'),(52994,1,52993,'香港特别行政区'),(52995,1,52993,'澳门特别行政区'),(52996,2,52994,'新德里');
/*!40000 ALTER TABLE `tb_city` ENABLE KEYS */;
UNLOCK TABLES;

--
-- Table structure for table `tb_country`
--

DROP TABLE IF EXISTS `tb_country`;
/*!40101 SET @saved_cs_client     = @@character_set_client */;
/*!40101 SET character_set_client = utf8 */;
CREATE TABLE `tb_country` (
  `id` int(11) NOT NULL AUTO_INCREMENT,
  `name` varchar(255) COLLATE utf8_bin NOT NULL,
  PRIMARY KEY (`id`)
) ENGINE=InnoDB AUTO_INCREMENT=3 DEFAULT CHARSET=utf8 COLLATE=utf8_bin;
/*!40101 SET character_set_client = @saved_cs_client */;

--
-- Dumping data for table `tb_country`
--

LOCK TABLES `tb_country` WRITE;
/*!40000 ALTER TABLE `tb_country` DISABLE KEYS */;
INSERT INTO `tb_country` VALUES (1,'中国'),(2,'印度');
/*!40000 ALTER TABLE `tb_country` ENABLE KEYS */;
UNLOCK TABLES;

--
-- Table structure for table `tb_county`
--

DROP TABLE IF EXISTS `tb_county`;
/*!40101 SET @saved_cs_client     = @@character_set_client */;
/*!40101 SET character_set_client = utf8 */;
CREATE TABLE `tb_county` (
  `id` int(11) NOT NULL AUTO_INCREMENT,
  `country_id` int(11) NOT NULL,
  `province_id` int(11) NOT NULL,
  `city_id` int(11) NOT NULL,
  `name` varchar(255) COLLATE utf8_bin NOT NULL,
  PRIMARY KEY (`id`)
) ENGINE=InnoDB AUTO_INCREMENT=53021 DEFAULT CHARSET=utf8 COLLATE=utf8_bin;
/*!40101 SET character_set_client = @saved_cs_client */;

--
-- Dumping data for table `tb_county`
--

LOCK TABLES `tb_county` WRITE;
/*!40000 ALTER TABLE `tb_county` DISABLE KEYS */;
INSERT INTO `tb_county` VALUES (88,1,4,50950,'内环以内'),(98,1,3,51041,'全境'),(103,1,4,51026,'全境'),(106,1,4,50952,'内环以内'),(111,1,4,50954,'内环以内'),(143,1,5,142,'辛集市'),(145,1,5,142,'晋州市'),(146,1,5,142,'新乐市'),(153,1,5,142,'井陉县'),(154,1,5,142,'栾城县'),(156,1,5,142,'行唐县'),(157,1,5,142,'灵寿县'),(158,1,5,142,'高邑县'),(159,1,5,142,'赵县'),(160,1,5,142,'赞皇县'),(161,1,5,142,'深泽县'),(162,1,5,142,'无极县'),(163,1,5,142,'元氏县'),(167,1,5,148,'邯郸县'),(168,1,5,148,'峰峰矿区'),(169,1,5,148,'曲周县'),(170,1,5,148,'馆陶县'),(171,1,5,148,'魏县'),(172,1,5,148,'成安县'),(173,1,5,148,'大名县'),(174,1,5,148,'涉县'),(175,1,5,148,'鸡泽县'),(176,1,5,148,'邱县'),(177,1,5,148,'广平县'),(178,1,5,148,'肥乡县'),(180,1,5,148,'磁县'),(183,1,5,164,'邢台县'),(184,1,5,164,'南宫市'),(185,1,5,164,'沙河市'),(186,1,5,164,'柏乡县'),(187,1,5,164,'任县'),(188,1,5,164,'清河县'),(189,1,5,164,'隆尧县'),(190,1,5,164,'临城县'),(191,1,5,164,'广宗县'),(192,1,5,164,'临西县'),(193,1,5,164,'内丘县'),(194,1,5,164,'平乡县'),(195,1,5,164,'巨鹿县'),(196,1,5,164,'新河县'),(197,1,5,164,'南和县'),(203,1,5,199,'安国市'),(205,1,5,199,'满城县'),(206,1,5,199,'清苑县'),(207,1,5,199,'涞水县'),(208,1,5,199,'阜平县'),(210,1,5,199,'定兴县'),(211,1,5,199,'唐县'),(212,1,5,199,'高阳县'),(213,1,5,199,'容城县'),(214,1,5,199,'涞源县'),(215,1,5,199,'望都县'),(217,1,5,199,'易县'),(218,1,5,199,'曲阳县'),(219,1,5,199,'蠡县'),(220,1,5,199,'顺平县'),(221,1,5,199,'博野县'),(222,1,5,199,'雄县'),(225,1,5,224,'宣化县'),(226,1,5,224,'康保县'),(227,1,5,224,'张北县'),(228,1,5,224,'阳原县'),(229,1,5,224,'赤城县'),(230,1,5,224,'怀安县'),(231,1,5,224,'怀来县'),(232,1,5,224,'崇礼县'),(233,1,5,224,'尚义县'),(234,1,5,224,'蔚县'),(235,1,5,224,'涿鹿县'),(236,1,5,224,'万全县'),(238,1,5,224,'下花园区'),(241,1,5,239,'兴隆县'),(242,1,5,239,'平泉县'),(243,1,5,239,'滦平县'),(245,1,5,239,'丰宁县'),(246,1,5,239,'围场县'),(247,1,5,239,'宽城县'),(257,1,5,164,'宁晋县'),(261,1,5,248,'卢龙县'),(262,1,5,248,'青龙县'),(263,1,5,248,'昌黎县'),(265,1,5,264,'沧县'),(266,1,5,264,'泊头市'),(268,1,5,264,'河间市'),(269,1,5,264,'献县'),(270,1,5,264,'肃宁县'),(271,1,5,264,'青县'),(272,1,5,264,'东光县'),(273,1,5,264,'吴桥县'),(276,1,5,264,'南皮县'),(277,1,5,264,'盐山县'),(278,1,5,264,'海兴县'),(279,1,5,264,'孟村县'),(284,1,5,274,'固安县'),(285,1,5,274,'永清县'),(286,1,5,274,'香河县'),(287,1,5,274,'大城县'),(288,1,5,274,'文安县'),(289,1,5,274,'大厂县'),(291,1,5,275,'冀州市'),(292,1,5,275,'深州市'),(293,1,5,275,'饶阳县'),(294,1,5,275,'枣强县'),(295,1,5,275,'故城县'),(296,1,5,275,'阜城县'),(297,1,5,275,'安平县'),(298,1,5,275,'武邑县'),(299,1,5,275,'景县'),(300,1,5,275,'武强县'),(304,1,6,303,'阳曲县'),(305,1,6,303,'古交市'),(306,1,6,303,'娄烦县'),(307,1,6,303,'清徐县'),(310,1,6,309,'大同县'),(311,1,6,309,'天镇县'),(312,1,6,309,'灵丘县'),(313,1,6,309,'阳高县'),(314,1,6,309,'左云县'),(315,1,6,309,'浑源县'),(316,1,6,309,'广灵县'),(319,1,6,318,'盂县'),(320,1,6,318,'平定县'),(321,1,6,318,'郊区'),(326,1,6,325,'高平市'),(327,1,6,325,'阳城县'),(328,1,6,325,'沁水县'),(329,1,6,325,'陵川县'),(331,1,6,330,'山阴县'),(332,1,6,330,'右玉县'),(333,1,6,330,'应县'),(334,1,6,330,'怀仁县'),(335,1,6,330,'朔城区'),(338,1,6,336,'介休市'),(339,1,6,336,'昔阳县'),(341,1,6,336,'祁县'),(342,1,6,336,'左权县'),(343,1,6,336,'寿阳县'),(344,1,6,336,'太谷县'),(345,1,6,336,'和顺县'),(346,1,6,336,'灵石县'),(347,1,6,336,'平遥县'),(348,1,6,336,'榆社县'),(351,1,6,350,'原平市'),(352,1,6,350,'代县'),(353,1,6,350,'神池县'),(354,1,6,350,'五寨县'),(358,1,6,350,'五台县'),(359,1,6,350,'偏关县'),(360,1,6,350,'宁武县'),(361,1,6,350,'静乐县'),(362,1,6,350,'繁峙县'),(363,1,6,350,'河曲县'),(364,1,6,350,'保德县'),(365,1,6,350,'定襄县'),(366,1,6,350,'忻府区'),(367,1,6,350,'岢岚县'),(369,1,6,368,'离石区'),(370,1,6,368,'孝义市'),(371,1,6,368,'汾阳市'),(372,1,6,368,'文水县'),(373,1,6,368,'中阳县'),(374,1,6,368,'兴县'),(375,1,6,368,'临县'),(376,1,6,368,'方山县'),(377,1,6,368,'柳林县'),(378,1,6,368,'岚县'),(380,1,6,379,'侯马市'),(381,1,6,379,'霍州市'),(382,1,6,379,'汾西县'),(383,1,6,379,'吉县'),(384,1,6,379,'安泽县'),(386,1,6,379,'浮山县'),(387,1,6,379,'大宁县'),(388,1,6,379,'古县'),(389,1,6,379,'隰县'),(390,1,6,379,'襄汾县'),(391,1,6,379,'翼城县'),(392,1,6,379,'永和县'),(393,1,6,379,'乡宁县'),(395,1,6,379,'洪洞县'),(396,1,6,379,'蒲县'),(399,1,6,398,'河津市'),(400,1,6,398,'永济市'),(402,1,6,398,'新绛县'),(403,1,6,398,'平陆县'),(404,1,6,398,'垣曲县'),(405,1,6,398,'绛县'),(406,1,6,398,'稷山县'),(407,1,6,398,'芮城县'),(408,1,6,398,'夏县'),(409,1,6,398,'临猗县'),(410,1,6,398,'万荣县'),(415,1,7,412,'新密市'),(416,1,7,412,'登封市'),(421,1,7,420,'开封县'),(422,1,7,420,'杞县'),(423,1,7,420,'兰考县'),(425,1,7,420,'尉氏县'),(428,1,7,427,'偃师市'),(429,1,7,427,'孟津县'),(430,1,7,427,'汝阳县'),(431,1,7,427,'伊川县'),(432,1,7,427,'洛宁县'),(434,1,7,427,'宜阳县'),(435,1,7,427,'栾川县'),(436,1,7,427,'新安县'),(439,1,7,438,'汝州市'),(440,1,7,438,'舞钢市'),(441,1,7,438,'郏县'),(442,1,7,438,'叶县'),(443,1,7,438,'鲁山县'),(444,1,7,438,'宝丰县'),(447,1,7,446,'沁阳市'),(448,1,7,446,'孟州市'),(449,1,7,446,'修武县'),(450,1,7,446,'温县'),(451,1,7,446,'武陟县'),(452,1,7,446,'博爱县'),(453,1,7,446,'山阳区'),(455,1,7,454,'浚县'),(456,1,7,454,'淇县'),(457,1,7,454,'鹤山区'),(459,1,7,458,'卫辉市'),(460,1,7,458,'辉县市'),(461,1,7,458,'新乡县'),(462,1,7,458,'获嘉县'),(463,1,7,458,'原阳县'),(464,1,7,458,'长垣县'),(465,1,7,458,'延津县'),(466,1,7,458,'封丘县'),(469,1,7,468,'林州市'),(470,1,7,468,'安阳县'),(471,1,7,468,'滑县'),(472,1,7,468,'汤阴县'),(473,1,7,468,'内黄县'),(476,1,7,475,'濮阳县'),(477,1,7,475,'南乐县'),(478,1,7,475,'台前县'),(479,1,7,475,'清丰县'),(480,1,7,475,'范县'),(481,1,7,475,'华龙区'),(483,1,7,482,'禹州市'),(484,1,7,482,'长葛市'),(485,1,7,482,'许昌县'),(486,1,7,482,'鄢陵县'),(487,1,7,482,'襄城县'),(488,1,7,482,'魏都区'),(490,1,7,489,'郾城区'),(492,1,7,489,'临颍县'),(493,1,7,489,'召陵区'),(494,1,7,489,'舞阳县'),(496,1,7,495,'义马市'),(497,1,7,495,'灵宝市'),(498,1,7,495,'陕县'),(499,1,7,495,'卢氏县'),(503,1,7,502,'邓州市'),(504,1,7,502,'桐柏县'),(505,1,7,502,'方城县'),(506,1,7,502,'淅川县'),(507,1,7,502,'镇平县'),(508,1,7,502,'唐河县'),(509,1,7,502,'南召县'),(510,1,7,502,'内乡县'),(511,1,7,502,'新野县'),(512,1,7,502,'社旗县'),(515,1,7,502,'西峡县'),(518,1,7,517,'永城市'),(519,1,7,517,'宁陵县'),(520,1,7,517,'虞城县'),(521,1,7,517,'民权县'),(522,1,7,517,'夏邑县'),(523,1,7,517,'柘城县'),(524,1,7,517,'睢县'),(529,1,7,527,'项城市'),(530,1,7,527,'商水县'),(531,1,7,527,'淮阳县'),(532,1,7,527,'太康县'),(533,1,7,527,'鹿邑县'),(534,1,7,527,'西华县'),(535,1,7,527,'扶沟县'),(536,1,7,527,'沈丘县'),(537,1,7,527,'郸城县'),(540,1,7,538,'确山县'),(541,1,7,538,'新蔡县'),(542,1,7,538,'上蔡县'),(543,1,7,538,'泌阳县'),(544,1,7,538,'西平县'),(545,1,7,538,'遂平县'),(546,1,7,538,'汝南县'),(547,1,7,538,'平舆县'),(548,1,7,538,'正阳县'),(551,1,7,549,'潢川县'),(552,1,7,549,'淮滨县'),(553,1,7,549,'息县'),(554,1,7,549,'新县'),(556,1,7,549,'固始县'),(557,1,7,549,'罗山县'),(558,1,7,549,'光山县'),(567,1,8,560,'苏家屯区'),(569,1,8,560,'新民市'),(570,1,8,560,'法库县'),(571,1,8,560,'辽中县'),(572,1,8,560,'康平县'),(574,1,8,573,'普兰店市'),(575,1,8,573,'瓦房店市'),(576,1,8,573,'庄河市'),(577,1,8,573,'长海县'),(580,1,8,579,'台安县'),(581,1,8,579,'海城市'),(583,1,8,579,'岫岩县'),(585,1,8,584,'抚顺县'),(586,1,8,584,'新宾县'),(587,1,8,584,'清原县'),(591,1,8,589,'桓仁县'),(596,1,8,593,'宽甸县'),(599,1,8,598,'义县'),(600,1,8,598,'凌海市'),(601,1,8,598,'北镇市'),(602,1,8,598,'黑山县'),(606,1,8,604,'绥中县'),(607,1,8,604,'建昌县'),(608,1,8,604,'南票区'),(610,1,8,609,'大石桥市'),(611,1,8,609,'盖州市'),(614,1,8,613,'盘山县'),(615,1,8,613,'大洼县'),(618,1,8,617,'阜新县'),(619,1,8,617,'彰武县'),(623,1,8,621,'辽阳县'),(633,1,8,632,'凌源市'),(634,1,8,632,'北票市'),(635,1,8,632,'喀喇沁左翼县'),(636,1,8,632,'朝阳县'),(637,1,8,632,'建平县'),(640,1,9,639,'榆树市'),(641,1,9,639,'九台市'),(642,1,9,639,'农安县'),(645,1,9,644,'舒兰市'),(646,1,9,644,'桦甸市'),(647,1,9,644,'蛟河市'),(648,1,9,644,'磐石市'),(649,1,9,644,'永吉县'),(652,1,9,651,'公主岭市'),(653,1,9,651,'双辽市'),(654,1,9,651,'梨树县'),(656,1,9,651,'伊通县'),(658,1,9,657,'梅河口市'),(659,1,9,657,'集安市'),(660,1,9,657,'通化县'),(661,1,9,657,'辉南县'),(662,1,9,657,'柳河县'),(663,1,9,657,'二道江区'),(665,1,9,664,'临江市'),(669,1,9,664,'江源区'),(671,1,9,664,'靖宇县'),(672,1,9,664,'抚松县'),(673,1,9,664,'长白县'),(675,1,9,674,'乾安县'),(676,1,9,674,'长岭县'),(677,1,9,674,'扶余县'),(682,1,9,681,'大安市'),(683,1,9,681,'洮南市'),(684,1,9,681,'通榆县'),(685,1,9,681,'镇赉县'),(686,1,9,681,'洮北区'),(699,1,10,698,'阿城区'),(700,1,10,698,'尚志市'),(701,1,10,698,'双城市'),(702,1,10,698,'五常市'),(704,1,10,698,'方正县'),(705,1,10,698,'宾县'),(706,1,10,698,'依兰县'),(707,1,10,698,'巴彦县'),(708,1,10,698,'通河县'),(709,1,10,698,'木兰县'),(710,1,10,698,'延寿县'),(713,1,10,712,'梅里斯区'),(714,1,10,712,'昂昂溪区'),(715,1,10,712,'富拉尔基区'),(716,1,10,712,'碾子山区'),(717,1,10,712,'讷河市'),(718,1,10,712,'富裕县'),(719,1,10,712,'拜泉县'),(720,1,10,712,'甘南县'),(721,1,10,712,'依安县'),(722,1,10,712,'克山县'),(723,1,10,712,'龙江县'),(724,1,10,712,'克东县'),(725,1,10,712,'泰来县'),(728,1,10,727,'萝北县'),(729,1,10,727,'绥滨县'),(733,1,10,731,'集贤县'),(734,1,10,731,'宝清县'),(735,1,10,731,'友谊县'),(736,1,10,731,'饶河县'),(739,1,10,737,'密山市'),(740,1,10,737,'虎林市'),(741,1,10,737,'鸡东县'),(744,1,10,742,'萨尔图区'),(745,1,10,742,'龙凤区'),(746,1,10,742,'让胡路区'),(747,1,10,742,'红岗区'),(748,1,10,742,'大同区'),(749,1,10,742,'林甸县'),(750,1,10,742,'肇州县'),(751,1,10,742,'肇源县'),(752,1,10,742,'杜尔伯特县'),(754,1,10,753,'铁力市'),(755,1,10,753,'嘉荫县'),(758,1,10,757,'海林市'),(760,1,10,757,'宁安市'),(761,1,10,757,'穆棱市'),(762,1,10,757,'林口县'),(763,1,10,757,'东宁县'),(766,1,10,765,'同江市'),(767,1,10,765,'富锦市'),(768,1,10,765,'桦川县'),(769,1,10,765,'抚远县'),(770,1,10,765,'桦南县'),(771,1,10,765,'汤原县'),(774,1,10,773,'勃利县'),(777,1,10,776,'北安市'),(778,1,10,776,'五大连池市'),(779,1,10,776,'逊克县'),(780,1,10,776,'孙吴县'),(784,1,10,782,'安达市'),(785,1,10,782,'肇东市'),(786,1,10,782,'海伦市'),(787,1,10,782,'绥棱县'),(788,1,10,782,'兰西县'),(789,1,10,782,'明水县'),(790,1,10,782,'青冈县'),(791,1,10,782,'庆安县'),(792,1,10,782,'望奎县'),(794,1,10,793,'呼玛县'),(795,1,10,793,'塔河县'),(796,1,10,793,'漠河县'),(801,1,11,799,'土默特左旗'),(802,1,11,799,'和林格尔县'),(803,1,11,799,'武川县'),(804,1,11,799,'托克托县'),(807,1,11,805,'固阳县'),(808,1,11,805,'土默特右旗'),(809,1,11,805,'达茂联合旗'),(811,1,11,810,'海勃湾区'),(814,1,11,812,'宁城县'),(815,1,11,812,'敖汉旗'),(816,1,11,812,'喀喇沁旗'),(817,1,11,812,'翁牛特旗'),(818,1,11,812,'巴林右旗'),(819,1,11,812,'林西县'),(820,1,11,812,'克什克腾旗'),(821,1,11,812,'巴林左旗'),(822,1,11,812,'阿鲁科尔沁旗'),(824,1,11,823,'集宁区'),(825,1,11,823,'丰镇市'),(826,1,11,823,'兴和县'),(827,1,11,823,'卓资县'),(828,1,11,823,'商都县'),(829,1,11,823,'凉城县'),(830,1,11,823,'化德县'),(831,1,11,823,'察哈尔右翼前旗'),(832,1,11,823,'察哈尔右翼中旗'),(833,1,11,823,'察哈尔右翼后旗'),(834,1,11,823,'四子王旗'),(836,1,11,835,'锡林浩特市'),(837,1,11,835,'二连浩特市'),(838,1,11,835,'多伦县'),(839,1,11,835,'阿巴嘎旗'),(840,1,11,835,'西乌珠穆沁旗'),(841,1,11,835,'东乌珠穆沁旗'),(842,1,11,835,'苏尼特右旗'),(843,1,11,835,'苏尼特左旗'),(844,1,11,835,'太仆寺旗'),(845,1,11,835,'正镶白旗'),(846,1,11,835,'正蓝旗'),(847,1,11,835,'镶黄旗'),(849,1,11,848,'海拉尔区'),(850,1,11,848,'满洲里市'),(851,1,11,848,'牙克石市'),(852,1,11,848,'扎兰屯市'),(853,1,11,848,'根河市'),(854,1,11,848,'额尔古纳市'),(855,1,11,848,'陈巴尔虎旗'),(856,1,11,848,'阿荣旗'),(857,1,11,848,'新巴尔虎左旗'),(858,1,11,848,'新巴尔虎右旗'),(859,1,11,848,'鄂伦春旗'),(860,1,11,848,'莫力达瓦旗'),(861,1,11,848,'鄂温克族旗'),(871,1,11,870,'东胜区'),(872,1,11,870,'准格尔旗'),(874,1,11,870,'伊金霍洛旗'),(875,1,11,870,'乌审旗'),(876,1,11,870,'杭锦旗'),(877,1,11,870,'鄂托克旗'),(878,1,11,870,'鄂托克前旗'),(879,1,11,870,'达拉特旗'),(881,1,11,880,'临河区'),(882,1,11,880,'五原县'),(883,1,11,880,'磴口县'),(884,1,11,880,'杭锦后旗'),(885,1,11,880,'乌拉特中旗'),(888,1,11,880,'乌拉特后旗 '),(890,1,11,880,'乌拉特前旗'),(892,1,11,891,'阿拉善右旗'),(893,1,11,891,'阿拉善左旗'),(894,1,11,891,'额济纳旗'),(896,1,11,895,'乌兰浩特市'),(897,1,11,895,'阿尔山市'),(898,1,11,895,'突泉县'),(899,1,11,895,'扎赉特旗'),(900,1,11,895,'科尔沁右翼前旗'),(901,1,11,895,'科尔沁右翼中旗'),(905,1,12,904,'江宁区'),(907,1,12,904,'高淳区'),(908,1,12,904,'六合区'),(914,1,12,911,'铜山区'),(915,1,12,911,'睢宁县'),(916,1,12,911,'沛县'),(917,1,12,911,'丰县'),(920,1,12,919,'赣榆区'),(921,1,12,919,'灌云县'),(922,1,12,919,'东海县'),(923,1,12,919,'灌南县'),(926,1,12,925,'楚州区'),(929,1,12,925,'洪泽县'),(930,1,12,925,'金湖县'),(931,1,12,925,'盱眙县'),(934,1,12,933,'宿豫区'),(937,1,12,933,'泗洪县'),(940,1,12,939,'东台市'),(941,1,12,939,'大丰区'),(945,1,12,939,'建湖县'),(946,1,12,939,'响水县'),(948,1,12,939,'阜宁县'),(949,1,12,939,'滨海县'),(955,1,12,951,'广陵区'),(956,1,12,951,'邗江区'),(957,1,12,951,'宝应县'),(960,1,12,959,'泰兴市'),(962,1,12,959,'靖江市'),(963,1,12,959,'兴化市'),(967,1,12,965,'通州区'),(970,1,12,965,'如东县'),(973,1,12,972,'扬中市'),(976,1,12,972,'丹徒区'),(980,1,12,978,'金坛区'),(981,1,12,978,'溧阳市'),(993,1,12,988,'常熟市'),(994,1,12,988,'张家港市'),(1002,1,13,1000,'长清区'),(1003,1,13,1000,'平阴县'),(1004,1,13,1000,'济阳县'),(1005,1,13,1000,'商河县'),(1014,1,13,1007,'莱西市'),(1019,1,13,1016,'高青县'),(1020,1,13,1016,'沂源县'),(1021,1,13,1016,'桓台县'),(1026,1,13,1025,'河口区'),(1027,1,13,1025,'广饶县'),(1028,1,13,1025,'利津县'),(1029,1,13,1025,'垦利区'),(1033,1,13,1032,'青州市'),(1034,1,13,1032,'诸城市'),(1036,1,13,1032,'安丘市'),(1037,1,13,1032,'高密市'),(1038,1,13,1032,'昌邑市'),(1039,1,13,1032,'昌乐县'),(1041,1,13,1032,'临朐县'),(1044,1,13,1042,'莱阳市'),(1047,1,13,1042,'招远市'),(1048,1,13,1042,'蓬莱市'),(1049,1,13,1042,'栖霞市'),(1050,1,13,1042,'海阳市'),(1051,1,13,1042,'长岛县'),(1054,1,13,1053,'乳山市'),(1059,1,13,1058,'莱城区'),(1061,1,13,1060,'乐陵市'),(1062,1,13,1060,'禹城市'),(1063,1,13,1060,'陵县'),(1064,1,13,1060,'宁津县'),(1066,1,13,1060,'武城县'),(1067,1,13,1060,'庆云县'),(1068,1,13,1060,'平原县'),(1069,1,13,1060,'临邑县'),(1071,1,13,1060,'夏津县'),(1073,1,13,1072,'沂南县'),(1074,1,13,1072,'沂水县'),(1076,1,13,1072,'费县'),(1077,1,13,1072,'平邑县'),(1078,1,13,1072,'蒙阴县'),(1079,1,13,1072,'临沭县'),(1082,1,13,1081,'临清市'),(1084,1,13,1081,'阳谷县'),(1085,1,13,1081,'茌平县'),(1086,1,13,1081,'莘县'),(1087,1,13,1081,'东阿县'),(1088,1,13,1081,'冠县'),(1092,1,13,1090,'邹平县'),(1093,1,13,1090,'沾化县'),(1094,1,13,1090,'惠民县'),(1095,1,13,1090,'博兴县'),(1096,1,13,1090,'阳信县'),(1101,1,13,1099,'单县'),(1102,1,13,1099,'曹县'),(1103,1,13,1099,'定陶县'),(1104,1,13,1099,'巨野县'),(1105,1,13,1099,'成武县'),(1106,1,13,1099,'东明县'),(1107,1,13,1099,'郓城县'),(1119,1,14,1116,'肥东县'),(1122,1,14,1121,'凤台县'),(1128,1,14,1127,'芜湖县'),(1129,1,14,1127,'繁昌县'),(1130,1,14,1127,'南陵县'),(1133,1,14,1132,'怀远县'),(1134,1,14,1132,'固镇县'),(1135,1,14,1132,'五河县'),(1138,1,14,1137,'当涂县'),(1141,1,14,1140,'桐城市'),(1142,1,14,1140,'宿松县'),(1144,1,14,1140,'太湖县'),(1145,1,14,1140,'怀宁县'),(1146,1,14,1140,'岳西县'),(1147,1,14,1140,'望江县'),(1148,1,14,1140,'潜山县'),(1153,1,14,1151,'休宁县'),(1154,1,14,1151,'歙县'),(1155,1,14,1151,'黟县'),(1156,1,14,1151,'祁门县'),(1161,1,14,1159,'明光市'),(1162,1,14,1159,'全椒县'),(1163,1,14,1159,'来安县'),(1164,1,14,1159,'定远县'),(1165,1,14,1159,'凤阳县'),(1168,1,14,1167,'界首市'),(1169,1,14,1167,'太和县'),(1170,1,14,1167,'阜南县'),(1171,1,14,1167,'颍上县'),(1172,1,14,1167,'临泉县'),(1176,1,14,1174,'利辛县'),(1177,1,14,1174,'蒙城县'),(1178,1,14,1174,'涡阳县'),(1181,1,14,1180,'灵璧县'),(1182,1,14,1180,'泗县'),(1183,1,14,1180,'萧县'),(1184,1,14,1180,'砀山县'),(1187,1,14,1137,'含山县'),(1188,1,14,1137,'和县'),(1189,1,14,1127,'无为县'),(1190,1,14,1116,'庐江县'),(1202,1,14,1201,'东至县'),(1203,1,14,1201,'石台县'),(1204,1,14,1201,'青阳县'),(1208,1,14,1206,'霍山县'),(1209,1,14,1206,'金寨县'),(1210,1,14,1206,'霍邱县'),(1211,1,14,1206,'舒城县'),(1214,1,15,1213,'余杭区'),(1215,1,15,1213,'萧山区'),(1217,1,15,1213,'富阳区'),(1218,1,15,1213,'桐庐县'),(1219,1,15,1213,'建德市'),(1220,1,15,1213,'淳安县'),(1224,1,15,1158,'慈溪市'),(1226,1,15,1158,'奉化市'),(1227,1,15,1158,'宁海县'),(1228,1,15,1158,'象山县'),(1237,1,15,1233,'文成县'),(1238,1,15,1233,'平阳县'),(1239,1,15,1233,'泰顺县'),(1240,1,15,1233,'洞头区'),(1241,1,15,1233,'苍南县'),(1244,1,15,1243,'海宁市'),(1248,1,15,1243,'海盐县'),(1251,1,15,1250,'长兴县'),(1252,1,15,1250,'德清县'),(1253,1,15,1250,'安吉县'),(1257,1,15,1255,'诸暨市'),(1258,1,15,1255,'上虞区'),(1259,1,15,1255,'嵊州市'),(1260,1,15,1255,'新昌县'),(1263,1,15,1262,'金东区'),(1264,1,15,1262,'兰溪市'),(1265,1,15,1262,'婺城区'),(1266,1,15,1262,'义乌市'),(1267,1,15,1262,'东阳市'),(1268,1,15,1262,'永康市'),(1269,1,15,1262,'武义县'),(1270,1,15,1262,'浦江县'),(1271,1,15,1262,'磐安县'),(1275,1,15,1273,'江山市'),(1276,1,15,1273,'常山县'),(1277,1,15,1273,'开化县'),(1278,1,15,1273,'龙游县'),(1281,1,15,1280,'龙泉市'),(1282,1,15,1280,'缙云县'),(1283,1,15,1280,'遂昌县'),(1284,1,15,1280,'松阳县'),(1285,1,15,1280,'景宁县'),(1286,1,15,1280,'云和县'),(1288,1,15,1280,'青田县'),(1291,1,15,1290,'临海市'),(1294,1,15,1290,'三门县'),(1295,1,15,1290,'天台县'),(1296,1,15,1290,'仙居县'),(1300,1,15,1298,'岱山县'),(1301,1,15,1298,'嵊泗县'),(1305,1,16,1303,'长乐市'),(1308,1,16,1303,'平潭县'),(1309,1,16,1303,'连江县'),(1312,1,16,1303,'罗源县'),(1313,1,16,1303,'永泰县'),(1314,1,16,1303,'闽清县'),(1316,1,16,1315,'思明区'),(1319,1,16,1317,'永安市'),(1320,1,16,1317,'明溪县'),(1321,1,16,1317,'将乐县'),(1322,1,16,1317,'大田县'),(1323,1,16,1317,'宁化县'),(1324,1,16,1317,'建宁县'),(1325,1,16,1317,'沙县'),(1326,1,16,1317,'尤溪县'),(1327,1,16,1317,'清流县'),(1328,1,16,1317,'泰宁县'),(1331,1,16,1329,'仙游县'),(1334,1,16,1332,'石狮市'),(1336,1,16,1332,'南安市'),(1337,1,16,1332,'惠安县'),(1338,1,16,1332,'安溪县'),(1339,1,16,1332,'德化县'),(1340,1,16,1332,'永春县'),(1343,1,16,1341,'龙海市'),(1344,1,16,1341,'平和县'),(1345,1,16,1341,'南靖县'),(1346,1,16,1341,'诏安县'),(1347,1,16,1341,'漳浦县'),(1348,1,16,1341,'华安县'),(1349,1,16,1341,'云霄县'),(1350,1,16,1341,'东山县'),(1351,1,16,1341,'长泰县'),(1354,1,16,1352,'建瓯市'),(1355,1,16,1352,'邵武市'),(1356,1,16,1352,'武夷山市'),(1357,1,16,1352,'建阳市'),(1358,1,16,1352,'松溪县'),(1359,1,16,1352,'顺昌县'),(1360,1,16,1352,'浦城县'),(1361,1,16,1352,'政和县'),(1364,1,16,1362,'漳平市'),(1365,1,16,1362,'长汀县'),(1366,1,16,1362,'武平县'),(1367,1,16,1362,'永定县'),(1368,1,16,1362,'上杭县'),(1369,1,16,1362,'连城县'),(1372,1,16,1370,'福安市'),(1373,1,16,1370,'福鼎市'),(1374,1,16,1370,'寿宁县'),(1375,1,16,1370,'霞浦县'),(1376,1,16,1370,'柘荣县'),(1377,1,16,1370,'屏南县'),(1378,1,16,1370,'古田县'),(1379,1,16,1370,'周宁县'),(1386,1,17,1381,'江岸区'),(1389,1,17,1387,'黄石港区'),(1392,1,17,1387,'铁山区'),(1393,1,17,1387,'大冶市'),(1394,1,17,1387,'阳新县'),(1397,1,17,1396,'老河口市'),(1398,1,17,1396,'枣阳市'),(1399,1,17,1396,'宜城市'),(1401,1,17,1396,'南漳县'),(1402,1,17,1396,'保康县'),(1403,1,17,1396,'谷城县'),(1406,1,17,1405,'丹江口市'),(1407,1,17,1405,'房县'),(1408,1,17,1405,'竹山县'),(1409,1,17,1405,'竹溪县'),(1410,1,17,1405,'郧县'),(1411,1,17,1405,'郧西县'),(1414,1,17,1413,'江陵县'),(1415,1,17,1413,'洪湖市'),(1416,1,17,1413,'石首市'),(1417,1,17,1413,'松滋市'),(1418,1,17,1413,'监利县'),(1419,1,17,1413,'公安县'),(1423,1,17,1421,'当阳市'),(1424,1,17,1421,'枝江市'),(1425,1,17,1421,'夷陵区'),(1426,1,17,1421,'秭归县'),(1427,1,17,1421,'兴山县'),(1428,1,17,1421,'远安县'),(1429,1,17,1421,'五峰土家族自治县'),(1430,1,17,1421,'长阳土家族自治县'),(1435,1,17,1432,'汉川市'),(1437,1,17,1432,'云梦县'),(1438,1,17,1432,'大悟县'),(1439,1,17,1432,'孝昌县'),(1444,1,17,1441,'红安县'),(1445,1,17,1441,'罗田县'),(1447,1,17,1441,'黄梅县'),(1448,1,17,1441,'英山县'),(1449,1,17,1441,'团风县'),(1461,1,17,1458,'嘉鱼县'),(1462,1,17,1458,'通山县'),(1463,1,17,1458,'崇阳县'),(1464,1,17,1458,'通城县'),(1467,1,17,1466,'恩施市'),(1468,1,17,1466,'利川市'),(1469,1,17,1466,'建始县'),(1470,1,17,1466,'来凤县'),(1471,1,17,1466,'巴东县'),(1472,1,17,1466,'鹤峰县'),(1473,1,17,1466,'宣恩县'),(1474,1,17,1466,'咸丰县'),(1478,1,17,1477,'京山县'),(1485,1,18,1482,'望城区'),(1489,1,18,1488,'醴陵市'),(1490,1,18,1488,'株洲县'),(1491,1,18,1488,'攸县'),(1492,1,18,1488,'茶陵县'),(1493,1,18,1488,'炎陵县'),(1496,1,18,1495,'湘乡市'),(1497,1,18,1495,'湘潭县'),(1498,1,18,1495,'韶山市'),(1502,1,18,1501,'常宁市'),(1503,1,18,1501,'衡阳县'),(1504,1,18,1501,'耒阳市'),(1505,1,18,1501,'衡东县'),(1506,1,18,1501,'衡南县'),(1507,1,18,1501,'衡山县'),(1508,1,18,1501,'祁东县'),(1509,1,18,1501,'南岳区'),(1512,1,18,1511,'武冈市'),(1513,1,18,1511,'邵东县'),(1514,1,18,1511,'洞口县'),(1515,1,18,1511,'新邵县'),(1516,1,18,1511,'绥宁县'),(1517,1,18,1511,'新宁县'),(1518,1,18,1511,'邵阳县'),(1519,1,18,1511,'隆回县'),(1520,1,18,1511,'城步县'),(1523,1,18,1522,'临湘市'),(1524,1,18,1522,'汨罗市'),(1525,1,18,1522,'岳阳县'),(1526,1,18,1522,'湘阴县'),(1527,1,18,1522,'华容县'),(1528,1,18,1522,'平江县'),(1532,1,18,1530,'津市市'),(1533,1,18,1530,'澧县'),(1534,1,18,1530,'临澧县'),(1535,1,18,1530,'桃源县'),(1536,1,18,1530,'汉寿县'),(1537,1,18,1530,'石门县'),(1538,1,18,1530,'安乡县'),(1541,1,18,1540,'慈利县'),(1542,1,18,1540,'桑植县'),(1543,1,18,1540,'武陵源区'),(1545,1,18,1544,'资兴市'),(1546,1,18,1544,'宜章县'),(1547,1,18,1544,'安仁县'),(1548,1,18,1544,'汝城县'),(1549,1,18,1544,'嘉禾县'),(1550,1,18,1544,'临武县'),(1551,1,18,1544,'桂东县'),(1552,1,18,1544,'永兴县'),(1553,1,18,1544,'桂阳县'),(1556,1,18,1555,'南县'),(1557,1,18,1555,'桃江县'),(1558,1,18,1555,'安化县'),(1563,1,18,1560,'祁阳县'),(1564,1,18,1560,'双牌县'),(1565,1,18,1555,'沅江市'),(1566,1,18,1560,'道县'),(1567,1,18,1560,'江永县'),(1568,1,18,1560,'江华县'),(1569,1,18,1560,'宁远县'),(1570,1,18,1560,'新田县'),(1571,1,18,1560,'蓝山县'),(1572,1,18,1560,'东安县'),(1573,1,18,1560,'零陵区'),(1575,1,18,1574,'洪江市'),(1576,1,18,1574,'会同县'),(1578,1,18,1574,'溆浦县'),(1579,1,18,1574,'辰溪县'),(1580,1,18,1574,'靖州县'),(1581,1,18,1574,'通道县'),(1582,1,18,1574,'芷江县'),(1583,1,18,1574,'新晃县'),(1584,1,18,1574,'麻阳县'),(1588,1,18,1586,'冷水江市'),(1589,1,18,1586,'涟源市'),(1590,1,18,1586,'新化县'),(1591,1,18,1586,'双峰县'),(1593,1,18,1592,'吉首市'),(1594,1,18,1592,'古丈县'),(1595,1,18,1592,'龙山县'),(1596,1,18,1592,'永顺县'),(1597,1,18,1592,'泸溪县'),(1598,1,18,1592,'凤凰县'),(1599,1,18,1592,'花垣县'),(1600,1,18,1592,'保靖县'),(1614,1,19,1611,'南澳县'),(1618,1,19,1617,'南雄市'),(1619,1,19,1617,'乐昌市'),(1620,1,19,1617,'仁化县'),(1621,1,19,1617,'始兴县'),(1622,1,19,1617,'翁源县'),(1624,1,19,1617,'新丰县'),(1625,1,19,1617,'乳源瑶族自治县'),(1626,1,19,1617,'曲江区'),(1628,1,19,1627,'和平县'),(1629,1,19,1627,'龙川县'),(1630,1,19,1627,'紫金县'),(1631,1,19,1627,'连平县'),(1635,1,19,1634,'兴宁市'),(1636,1,19,1634,'梅县'),(1637,1,19,1634,'蕉岭县'),(1638,1,19,1634,'大埔县'),(1639,1,19,1634,'丰顺县'),(1640,1,19,1634,'五华县'),(1641,1,19,1634,'平远县'),(1642,1,19,1634,'梅江区'),(1647,1,19,1643,'龙门县'),(1653,1,19,1650,'陆河县'),(1669,1,19,1666,'顺德区'),(1673,1,19,1672,'阳春市'),(1674,1,19,1672,'阳西县'),(1679,1,19,1677,'雷州市'),(1680,1,19,1677,'吴川市'),(1682,1,19,1677,'徐闻县'),(1687,1,19,1684,'信宜市'),(1693,1,19,1690,'广宁县'),(1694,1,19,1690,'德庆县'),(1695,1,19,1690,'怀集县'),(1696,1,19,1690,'封开县'),(1697,1,19,1690,'鼎湖区'),(1700,1,19,1698,'云安县'),(1701,1,19,1698,'新兴县'),(1702,1,19,1698,'郁南县'),(1707,1,19,1705,'饶平县'),(1712,1,19,1709,'揭西县'),(1713,1,19,1709,'惠来县'),(1716,1,20,1715,'武鸣区'),(1721,1,20,1720,'柳江县'),(1722,1,20,1720,'柳城县'),(1724,1,20,1715,'邕宁区'),(1725,1,20,1720,'鹿寨县'),(1727,1,20,1726,'阳朔县'),(1728,1,20,1726,'临桂县'),(1729,1,20,1726,'灵川县'),(1730,1,20,1726,'全州县'),(1731,1,20,1726,'平乐县'),(1732,1,20,1726,'兴安县'),(1733,1,20,1726,'灌阳县'),(1734,1,20,1726,'荔浦县'),(1735,1,20,1726,'资源县'),(1736,1,20,1726,'永福县'),(1738,1,20,1726,'龙胜县'),(1741,1,20,1740,'岑溪市'),(1742,1,20,1740,'苍梧县'),(1743,1,20,1740,'藤县'),(1744,1,20,1740,'蒙山县'),(1747,1,20,1746,'合浦县'),(1748,1,20,1746,'铁山港区'),(1750,1,20,1749,'东兴市'),(1751,1,20,1749,'上思县'),(1754,1,20,1753,'浦北县'),(1755,1,20,1753,'灵山县'),(1758,1,20,1757,'桂平市'),(1759,1,20,1757,'平南县'),(1760,1,20,1757,'覃塘区'),(1762,1,20,1761,'北流市'),(1763,1,20,1761,'容县'),(1764,1,20,1761,'博白县'),(1765,1,20,1761,'陆川县'),(1766,1,20,1761,'兴业县'),(1795,1,19,1704,'连州市'),(1796,1,19,1704,'佛冈县'),(1797,1,19,1704,'阳山县'),(1798,1,19,1704,'清新县'),(1799,1,19,1704,'连山县'),(1800,1,19,1704,'连南县'),(1803,1,20,1792,'钟山县'),(1804,1,20,1792,'昭平县'),(1805,1,20,1792,'富川县'),(1807,1,20,1806,'右江区'),(1808,1,20,1806,'平果县'),(1809,1,20,1806,'乐业县'),(1810,1,20,1806,'田阳县'),(1811,1,20,1806,'西林县'),(1812,1,20,1806,'田林县'),(1813,1,20,1806,'德保县'),(1814,1,20,1806,'靖西县'),(1815,1,20,1806,'田东县'),(1816,1,20,1806,'那坡县'),(1817,1,20,1806,'隆林县'),(1820,1,20,1818,'宜州市'),(1821,1,20,1818,'天峨县'),(1822,1,20,1818,'凤山县'),(1823,1,20,1818,'南丹县'),(1824,1,20,1818,'东兰县'),(1825,1,20,1818,'巴马县'),(1826,1,20,1818,'环江县'),(1828,1,21,1827,'南昌县'),(1829,1,21,1827,'进贤县'),(1830,1,21,1827,'安义县'),(1833,1,21,1832,'乐平市'),(1834,1,21,1832,'浮梁县'),(1837,1,21,1836,'湘东区'),(1838,1,21,1836,'莲花县'),(1839,1,21,1836,'上栗县'),(1840,1,21,1836,'芦溪县'),(1843,1,21,1842,'分宜县'),(1846,1,21,1845,'九江县'),(1847,1,21,1845,'瑞昌市'),(1848,1,21,1845,'星子县'),(1849,1,21,1845,'武宁县'),(1850,1,21,1845,'彭泽县'),(1851,1,21,1845,'永修县'),(1852,1,21,1845,'修水县'),(1853,1,21,1845,'湖口县'),(1854,1,21,1845,'德安县'),(1855,1,21,1845,'都昌县'),(1858,1,21,1857,'余江县'),(1859,1,21,1857,'贵溪市'),(1860,1,21,1857,'月湖区'),(1863,1,21,1861,'德兴市'),(1864,1,21,1861,'广丰县'),(1865,1,21,1861,'鄱阳县'),(1866,1,21,1861,'婺源县'),(1867,1,21,1861,'余干县'),(1868,1,21,1861,'横峰县'),(1869,1,21,1861,'弋阳县'),(1870,1,21,1861,'铅山县'),(1871,1,21,1861,'玉山县'),(1872,1,21,1861,'万年县'),(1875,1,21,1874,'丰城市'),(1876,1,21,1874,'樟树市'),(1877,1,21,1874,'高安市'),(1878,1,21,1874,'铜鼓县'),(1879,1,21,1874,'靖安县'),(1880,1,21,1874,'宜丰县'),(1881,1,21,1874,'奉新县'),(1882,1,21,1874,'万载县'),(1883,1,21,1874,'上高县'),(1887,1,21,1885,'南丰县'),(1888,1,21,1885,'乐安县'),(1889,1,21,1885,'金溪县'),(1890,1,21,1885,'南城县'),(1891,1,21,1885,'东乡县'),(1892,1,21,1885,'资溪县'),(1893,1,21,1885,'宜黄县'),(1894,1,21,1885,'崇仁县'),(1895,1,21,1885,'黎川县'),(1896,1,21,1885,'广昌县'),(1899,1,21,1898,'井冈山市'),(1900,1,21,1898,'吉安县'),(1901,1,21,1898,'永丰县'),(1902,1,21,1898,'永新县'),(1903,1,21,1898,'新干县'),(1904,1,21,1898,'泰和县'),(1905,1,21,1898,'峡江县'),(1906,1,21,1898,'遂川县'),(1907,1,21,1898,'安福县'),(1908,1,21,1898,'吉水县'),(1909,1,21,1898,'万安县'),(1912,1,21,1911,'南康市'),(1913,1,21,1911,'瑞金市'),(1914,1,21,1911,'石城县'),(1915,1,21,1911,'安远县'),(1916,1,21,1911,'赣县'),(1917,1,21,1911,'宁都县'),(1918,1,21,1911,'寻乌县'),(1919,1,21,1911,'兴国县'),(1920,1,21,1911,'定南县'),(1921,1,21,1911,'上犹县'),(1922,1,21,1911,'于都县'),(1923,1,21,1911,'龙南县'),(1924,1,21,1911,'崇义县'),(1925,1,21,1911,'大余县'),(1926,1,21,1911,'信丰县'),(1927,1,21,1911,'全南县'),(1928,1,21,1911,'会昌县'),(1947,1,22,1946,'荣县'),(1948,1,22,1946,'富顺县'),(1949,1,22,1946,'自流井区'),(1951,1,22,1950,'米易县'),(1952,1,22,1950,'盐边县'),(1953,1,22,1950,'仁和区'),(1955,1,22,1954,'泸县'),(1956,1,22,1954,'合江县'),(1957,1,22,1954,'叙永县'),(1958,1,22,1954,'古蔺县'),(1965,1,22,1962,'罗江县'),(1966,1,22,1962,'中江县'),(1970,1,22,1960,'盐亭县'),(1971,1,22,1960,'三台县'),(1972,1,22,1960,'平武县'),(1973,1,22,1960,'北川县'),(1974,1,22,1960,'安县'),(1975,1,22,1960,'梓潼县'),(1978,1,22,1977,'青川县'),(1979,1,22,1977,'旺苍县'),(1980,1,22,1977,'剑阁县'),(1981,1,22,1977,'苍溪县'),(1984,1,22,1983,'射洪县'),(1985,1,22,1983,'蓬溪县'),(1986,1,22,1983,'大英县'),(1987,1,22,1983,'安居区'),(1989,1,22,1988,'资中县'),(1990,1,22,1988,'隆昌县'),(1991,1,22,1988,'威远县'),(1992,1,22,1988,'市中区'),(1994,1,22,1993,'五通桥区'),(1995,1,22,1993,'沙湾区'),(1996,1,22,1993,'金口河区'),(1998,1,22,1993,'夹江县'),(1999,1,22,1993,'井研县'),(2000,1,22,1993,'犍为县'),(2001,1,22,1993,'沐川县'),(2002,1,22,1993,'峨边县'),(2003,1,22,1993,'马边县'),(2006,1,22,2005,'宜宾县'),(2007,1,22,2005,'南溪区'),(2008,1,22,2005,'江安县'),(2009,1,22,2005,'长宁县'),(2010,1,22,2005,'兴文县'),(2011,1,22,2005,'珙县'),(2012,1,22,2005,'高县'),(2013,1,22,2005,'屏山县'),(2015,1,22,2005,'筠连县'),(2017,1,22,2016,'岳池县'),(2018,1,22,2016,'武胜县'),(2019,1,22,2016,'邻水县'),(2020,1,22,2016,'广安区'),(2021,1,22,2016,'华蓥市'),(2028,1,22,2022,'仪陇县'),(2029,1,22,2022,'蓬安县'),(2030,1,22,2022,'营山县'),(2034,1,22,2033,'通川区'),(2035,1,22,2033,'达县'),(2036,1,22,2033,'大竹县'),(2037,1,22,2033,'渠县'),(2038,1,22,2033,'万源市'),(2039,1,22,2033,'宣汉县'),(2040,1,22,2033,'开江县'),(2044,1,22,2042,'南江县'),(2045,1,22,2042,'平昌县'),(2046,1,22,2042,'通江县'),(2049,1,22,2047,'芦山县'),(2052,1,22,2047,'石棉县'),(2053,1,22,2047,'名山区'),(2054,1,22,2047,'天全县'),(2055,1,22,2047,'荥经县'),(2056,1,22,2047,'汉源县'),(2057,1,22,2047,'宝兴县'),(2060,1,22,2058,'仁寿县'),(2061,1,22,2058,'彭山区'),(2062,1,22,2058,'洪雅县'),(2063,1,22,2058,'丹棱县'),(2064,1,22,2058,'青神县'),(2068,1,22,2065,'安岳县'),(2069,1,22,2065,'乐至县'),(2071,1,22,2070,'马尔康县'),(2072,1,22,2070,'九寨沟县'),(2073,1,22,2070,'红原县'),(2075,1,22,2070,'阿坝县'),(2076,1,22,2070,'理县'),(2077,1,22,2070,'若尔盖县'),(2078,1,22,2070,'金川县'),(2079,1,22,2070,'小金县'),(2080,1,22,2070,'黑水县'),(2081,1,22,2070,'松潘县'),(2082,1,22,2070,'壤塘县'),(2083,1,22,2070,'茂县'),(2085,1,22,2084,'康定县'),(2086,1,22,2084,'泸定县'),(2087,1,22,2084,'九龙县'),(2088,1,22,2084,'丹巴县'),(2089,1,22,2084,'道孚县'),(2090,1,22,2084,'炉霍县'),(2091,1,22,2084,'色达县'),(2092,1,22,2084,'甘孜县'),(2093,1,22,2084,'新龙县'),(2094,1,22,2084,'白玉县'),(2095,1,22,2084,'德格县'),(2096,1,22,2084,'石渠县'),(2097,1,22,2084,'雅江县'),(2098,1,22,2084,'理塘县'),(2099,1,22,2084,'巴塘县'),(2100,1,22,2084,'稻城县'),(2101,1,22,2084,'乡城县'),(2102,1,22,2084,'得荣县'),(2105,1,22,2103,'美姑县'),(2106,1,22,2103,'昭觉县'),(2107,1,22,2103,'会理县'),(2108,1,22,2103,'会东县'),(2109,1,22,2103,'普格县'),(2110,1,22,2103,'宁南县'),(2111,1,22,2103,'德昌县'),(2112,1,22,2103,'冕宁县'),(2113,1,22,2103,'盐源县'),(2114,1,22,2103,'金阳县'),(2115,1,22,2103,'布拖县'),(2116,1,22,2103,'雷波县'),(2117,1,22,2103,'越西县'),(2118,1,22,2103,'喜德县'),(2119,1,22,2103,'甘洛县'),(2120,1,22,2103,'木里县'),(2145,1,24,2144,'清镇市'),(2146,1,24,2144,'开阳县'),(2147,1,24,2144,'修文县'),(2148,1,24,2144,'息烽县'),(2149,1,24,2144,'乌当区'),(2151,1,24,2150,'盘县'),(2152,1,24,2150,'六枝特区'),(2153,1,24,2150,'水城县'),(2154,1,24,2150,'钟山区'),(2156,1,24,2155,'赤水市'),(2157,1,24,2155,'仁怀市'),(2158,1,24,2155,'遵义县'),(2159,1,24,2155,'桐梓县'),(2160,1,24,2155,'绥阳县'),(2161,1,24,2155,'习水县'),(2162,1,24,2155,'凤冈县'),(2163,1,24,2155,'正安县'),(2164,1,24,2155,'湄潭县'),(2165,1,24,2155,'余庆县'),(2166,1,24,2155,'道真县'),(2167,1,24,2155,'务川县'),(2170,1,24,2169,'碧江区'),(2171,1,24,2169,'德江县'),(2172,1,24,2169,'江口县'),(2173,1,24,2169,'思南县'),(2174,1,24,2169,'万山区'),(2175,1,24,2169,'石阡县'),(2176,1,24,2169,'玉屏侗族自治县'),(2177,1,24,2169,'松桃苗族自治县'),(2178,1,24,2169,'印江土家族苗族自治县'),(2179,1,24,2169,'沿河土家族自治县'),(2182,1,24,2180,'黔西县'),(2183,1,24,2180,'大方县'),(2184,1,24,2180,'织金县'),(2185,1,24,2180,'金沙县'),(2186,1,24,2180,'赫章县'),(2187,1,24,2180,'纳雍县'),(2188,1,24,2180,'威宁彝族回族苗族自治县'),(2190,1,24,2189,'西秀区'),(2191,1,24,2189,'普定县'),(2192,1,24,2189,'平坝县'),(2193,1,24,2189,'镇宁布依族苗族自治县'),(2194,1,24,2189,'关岭布依族苗族自治县'),(2195,1,24,2189,'紫云苗族布依族自治县'),(2197,1,24,2196,'兴义市'),(2198,1,24,2196,'望谟县'),(2199,1,24,2196,'兴仁县'),(2200,1,24,2196,'普安县'),(2201,1,24,2196,'册亨县'),(2202,1,24,2196,'晴隆县'),(2203,1,24,2196,'贞丰县'),(2204,1,24,2196,'安龙县'),(2206,1,24,2205,'凯里市'),(2207,1,24,2205,'施秉市'),(2208,1,24,2205,'从江县'),(2209,1,24,2205,'锦屏县'),(2210,1,24,2205,'镇远县'),(2211,1,24,2205,'麻江县'),(2212,1,24,2205,'台江县'),(2213,1,24,2205,'天柱县'),(2214,1,24,2205,'黄平县'),(2215,1,24,2205,'榕江县'),(2216,1,24,2205,'剑河县'),(2217,1,24,2205,'三穗县'),(2218,1,24,2205,'雷山县'),(2219,1,24,2205,'黎平县'),(2220,1,24,2205,'岑巩县'),(2221,1,24,2205,'丹寨县'),(2223,1,24,2222,'都匀市'),(2224,1,24,2222,'福泉市'),(2225,1,24,2222,'贵定县'),(2226,1,24,2222,'惠水县'),(2227,1,24,2222,'罗甸县'),(2228,1,24,2222,'瓮安县'),(2229,1,24,2222,'荔波县'),(2230,1,24,2222,'龙里县'),(2231,1,24,2222,'平塘县'),(2232,1,24,2222,'长顺县'),(2233,1,24,2222,'独山县'),(2234,1,24,2222,'三都县'),(2236,1,25,2235,'东川区'),(2237,1,25,2235,'安宁市'),(2238,1,25,2235,'富民县'),(2239,1,25,2235,'嵩明县'),(2241,1,25,2235,'晋宁县'),(2242,1,25,2235,'宜良县'),(2243,1,25,2235,'禄劝县'),(2244,1,25,2235,'石林县'),(2245,1,25,2235,'寻甸县'),(2246,1,25,2235,'盘龙区'),(2249,1,25,2247,'马龙县'),(2250,1,25,2247,'宣威市'),(2251,1,25,2247,'富源县'),(2252,1,25,2247,'会泽县'),(2253,1,25,2247,'陆良县'),(2254,1,25,2247,'师宗县'),(2255,1,25,2247,'罗平县'),(2256,1,25,2247,'沾益县'),(2259,1,25,2258,'红塔区'),(2260,1,25,2258,'华宁县'),(2261,1,25,2258,'澄江县'),(2262,1,25,2258,'易门县'),(2263,1,25,2258,'通海县'),(2264,1,25,2258,'江川县'),(2265,1,25,2258,'元江县'),(2266,1,25,2258,'新平县'),(2267,1,25,2258,'峨山县'),(2271,1,25,2270,'昭阳区'),(2272,1,25,2270,'镇雄县'),(2273,1,25,2270,'永善县'),(2274,1,25,2270,'大关县'),(2275,1,25,2270,'盐津县'),(2276,1,25,2270,'彝良县'),(2277,1,25,2270,'水富县'),(2278,1,25,2270,'巧家县'),(2279,1,25,2270,'威信县'),(2282,1,25,2281,'思茅区'),(2283,1,25,2281,'宁洱县'),(2284,1,25,2281,'景东县'),(2285,1,25,2281,'镇沅县'),(2286,1,25,2281,'景谷县'),(2287,1,25,2281,'墨江县'),(2288,1,25,2281,'澜沧县'),(2289,1,25,2281,'西盟县'),(2290,1,25,2281,'江城县'),(2292,1,25,2291,'临翔区'),(2293,1,25,2291,'镇康县'),(2294,1,25,2291,'凤庆县'),(2295,1,25,2291,'云县'),(2296,1,25,2291,'永德县'),(2297,1,25,2291,'耿马县'),(2299,1,25,2298,'隆阳区'),(2300,1,25,2298,'施甸县'),(2301,1,25,2298,'昌宁县'),(2302,1,25,2298,'龙陵县'),(2303,1,25,2298,'腾冲县'),(2305,1,25,2304,'玉龙县'),(2306,1,25,2304,'华坪县'),(2307,1,25,2304,'永胜县'),(2308,1,25,2304,'宁蒗县'),(2310,1,25,2309,'文山市'),(2311,1,25,2309,'麻栗坡县'),(2312,1,25,2309,'砚山县'),(2313,1,25,2309,'广南县'),(2314,1,25,2309,'马关县'),(2315,1,25,2309,'富宁县'),(2316,1,25,2309,'西畴县'),(2317,1,25,2309,'丘北县'),(2319,1,25,2318,'个旧市'),(2320,1,25,2318,'开远市'),(2321,1,25,2318,'弥勒县'),(2322,1,25,2318,'红河县'),(2323,1,25,2318,'绿春县'),(2324,1,25,2318,'蒙自市'),(2325,1,25,2318,'泸西县'),(2326,1,25,2318,'建水县'),(2327,1,25,2318,'元阳县'),(2328,1,25,2318,'石屏县'),(2329,1,25,2318,'金平县'),(2330,1,25,2318,'屏边县'),(2331,1,25,2318,'河口县'),(2333,1,25,2332,'景洪市'),(2334,1,25,2332,'勐海县'),(2335,1,25,2332,'勐腊县'),(2338,1,25,2336,'元谋县'),(2339,1,25,2336,'南华县'),(2340,1,25,2336,'牟定县'),(2341,1,25,2336,'武定县'),(2342,1,25,2336,'大姚县'),(2343,1,25,2336,'双柏县'),(2344,1,25,2336,'禄丰县'),(2345,1,25,2336,'永仁县'),(2349,1,25,2347,'剑川县'),(2350,1,25,2347,'弥渡县'),(2351,1,25,2347,'云龙县'),(2352,1,25,2347,'洱源县'),(2353,1,25,2347,'鹤庆县'),(2354,1,25,2347,'宾川县'),(2355,1,25,2347,'祥云县'),(2356,1,25,2347,'永平县'),(2357,1,25,2347,'巍山县'),(2358,1,25,2347,'漾濞县'),(2359,1,25,2347,'南涧县'),(2361,1,25,2360,'芒市'),(2362,1,25,2360,'瑞丽市'),(2363,1,25,2360,'盈江县'),(2364,1,25,2360,'梁河县'),(2365,1,25,2360,'陇川县'),(2367,1,25,2366,'泸水县'),(2368,1,25,2366,'福贡县'),(2369,1,25,2366,'兰坪县'),(2370,1,25,2366,'贡山县'),(2380,1,27,2376,'高陵县'),(2381,1,27,2376,'蓝田县'),(2382,1,27,2376,'户县'),(2383,1,27,2376,'周至县'),(2387,1,27,2386,'印台区'),(2388,1,27,2386,'宜君县'),(2389,1,27,2386,'王益区'),(2392,1,27,2390,'岐山县'),(2393,1,27,2390,'太白县'),(2394,1,27,2390,'凤翔县'),(2395,1,27,2390,'陇县'),(2396,1,27,2390,'麟游县'),(2397,1,27,2390,'千阳县'),(2398,1,27,2390,'扶风县'),(2399,1,27,2390,'凤县'),(2400,1,27,2390,'眉县'),(2401,1,27,2390,'渭滨区'),(2403,1,27,2402,'兴平市'),(2404,1,27,2402,'礼泉县'),(2405,1,27,2402,'泾阳县'),(2406,1,27,2402,'永寿县'),(2407,1,27,2402,'三原县'),(2408,1,27,2402,'彬县'),(2409,1,27,2402,'旬邑县'),(2411,1,27,2402,'长武县'),(2412,1,27,2402,'乾县'),(2413,1,27,2402,'武功县'),(2414,1,27,2402,'淳化县'),(2417,1,27,2416,'韩城市'),(2418,1,27,2416,'华阴市'),(2419,1,27,2416,'蒲城县'),(2420,1,27,2416,'华县'),(2421,1,27,2416,'潼关县'),(2422,1,27,2416,'大荔县'),(2423,1,27,2416,'澄城县'),(2424,1,27,2416,'合阳县'),(2425,1,27,2416,'白水县'),(2426,1,27,2416,'富平县'),(2429,1,27,2428,'安塞县'),(2430,1,27,2428,'洛川县'),(2431,1,27,2428,'子长县'),(2432,1,27,2428,'黄陵县'),(2433,1,27,2428,'延长县'),(2434,1,27,2428,'宜川县'),(2435,1,27,2428,'延川县'),(2436,1,27,2428,'甘泉县'),(2437,1,27,2428,'富县'),(2438,1,27,2428,'志丹县'),(2439,1,27,2428,'黄龙县'),(2440,1,27,2428,'吴起县'),(2443,1,27,2442,'南郑县'),(2444,1,27,2442,'城固县'),(2445,1,27,2442,'洋县'),(2446,1,27,2442,'佛坪县'),(2447,1,27,2442,'留坝县'),(2448,1,27,2442,'镇巴县'),(2449,1,27,2442,'西乡县'),(2450,1,27,2442,'勉县'),(2451,1,27,2442,'略阳县'),(2452,1,27,2442,'宁强县'),(2456,1,27,2454,'清涧县'),(2457,1,27,2454,'绥德县'),(2459,1,27,2454,'佳县'),(2460,1,27,2454,'神木县'),(2461,1,27,2454,'府谷县'),(2462,1,27,2454,'子洲县'),(2464,1,27,2454,'横山县'),(2465,1,27,2454,'米脂县'),(2466,1,27,2454,'吴堡县'),(2467,1,27,2454,'定边县'),(2469,1,27,2468,'商州区'),(2470,1,27,2468,'镇安县'),(2471,1,27,2468,'山阳县'),(2472,1,27,2468,'洛南县'),(2473,1,27,2468,'商南县'),(2474,1,27,2468,'丹凤县'),(2475,1,27,2468,'柞水县'),(2478,1,27,2476,'紫阳县'),(2479,1,27,2476,'岚皋县'),(2480,1,27,2476,'旬阳县'),(2481,1,27,2476,'镇坪县'),(2482,1,27,2476,'平利县'),(2483,1,27,2476,'宁陕县'),(2484,1,27,2476,'汉阴县'),(2485,1,27,2476,'石泉县'),(2486,1,27,2476,'白河县'),(2488,1,28,2487,'永登县'),(2489,1,28,2487,'榆中县'),(2490,1,28,2487,'皋兰县'),(2493,1,28,2492,'永昌县'),(2494,1,28,2492,'金川区'),(2496,1,28,2495,'白银区'),(2497,1,28,2495,'平川区'),(2498,1,28,2495,'靖远县'),(2499,1,28,2495,'景泰县'),(2500,1,28,2495,'会宁县'),(2504,1,28,2501,'甘谷县'),(2505,1,28,2501,'武山县'),(2506,1,28,2501,'清水县'),(2507,1,28,2501,'秦安县'),(2508,1,28,2501,'张家川县'),(2519,1,28,2518,'华亭县'),(2520,1,28,2518,'崇信县'),(2521,1,28,2518,'泾川县'),(2522,1,28,2518,'灵台县'),(2524,1,28,2518,'庄浪县'),(2526,1,28,2525,'西峰区'),(2528,1,28,2525,'镇原县'),(2529,1,28,2525,'合水县'),(2530,1,28,2525,'华池县'),(2531,1,28,2525,'环县'),(2532,1,28,2525,'宁县'),(2533,1,28,2525,'正宁县'),(2535,1,28,2534,'成县'),(2536,1,28,2534,'礼县'),(2537,1,28,2534,'康县'),(2538,1,28,2534,'武都区'),(2539,1,28,2534,'文县'),(2540,1,28,2534,'两当县'),(2541,1,28,2534,'徽县'),(2542,1,28,2534,'宕昌县'),(2543,1,28,2534,'西和县'),(2545,1,28,2544,'凉州区'),(2546,1,28,2544,'古浪县'),(2547,1,28,2544,'天祝县'),(2548,1,28,2544,'民勤县'),(2550,1,28,2549,'甘州区'),(2551,1,28,2549,'山丹县'),(2552,1,28,2549,'临泽县'),(2553,1,28,2549,'高台县'),(2554,1,28,2549,'肃南县'),(2555,1,28,2549,'民乐县'),(2558,1,28,2556,'玉门市'),(2559,1,28,2556,'敦煌市'),(2560,1,28,2556,'金塔县'),(2562,1,28,2556,'阿克塞县'),(2563,1,28,2556,'肃北县'),(2565,1,28,2564,'合作市'),(2566,1,28,2564,'夏河县'),(2567,1,28,2564,'碌曲县'),(2568,1,28,2564,'舟曲县'),(2569,1,28,2564,'玛曲县'),(2570,1,28,2564,'迭部县'),(2571,1,28,2564,'临潭县'),(2572,1,28,2564,'卓尼县'),(2574,1,28,2573,'临夏县'),(2575,1,28,2573,'康乐县'),(2576,1,28,2573,'永靖县'),(2577,1,28,2573,'和政县'),(2578,1,28,2573,'东乡族自治县'),(2579,1,28,2573,'积石山县'),(2581,1,29,2580,'湟中县'),(2582,1,29,2580,'湟源县'),(2583,1,29,2580,'大通县'),(2586,1,29,2585,'平安县'),(2587,1,29,2585,'乐都县'),(2588,1,29,2585,'民和县'),(2589,1,29,2585,'互助县'),(2590,1,29,2585,'化隆县'),(2591,1,29,2585,'循化县'),(2593,1,29,2592,'海晏县'),(2594,1,29,2592,'祁连县'),(2595,1,29,2592,'刚察县'),(2596,1,29,2592,'门源县'),(2598,1,29,2597,'尖扎县'),(2599,1,29,2597,'同仁县'),(2600,1,29,2597,'泽库县'),(2602,1,29,2597,'河南县'),(2606,1,29,2605,'玛沁县'),(2607,1,29,2605,'甘德县'),(2608,1,29,2605,'达日县'),(2609,1,29,2605,'班玛县'),(2610,1,29,2605,'久治县'),(2611,1,29,2605,'玛多县'),(2613,1,29,2612,'玉树县'),(2614,1,29,2612,'称多县'),(2615,1,29,2612,'囊谦县'),(2616,1,29,2612,'杂多县'),(2617,1,29,2612,'治多县'),(2618,1,29,2612,'曲麻莱县'),(2621,1,29,2620,'德令哈市'),(2622,1,29,2620,'乌兰县'),(2623,1,29,2620,'天峻县'),(2624,1,29,2620,'都兰县'),(2625,1,29,2620,'大柴旦行委'),(2626,1,29,2620,'冷湖行委'),(2627,1,29,2620,'茫崖行委'),(2629,1,30,2628,'灵武市'),(2630,1,30,2628,'永宁县'),(2631,1,30,2628,'贺兰县'),(2633,1,30,2632,'平罗县'),(2635,1,30,2632,'惠农区'),(2636,1,30,2632,'大武口区'),(2638,1,30,2637,'青铜峡市'),(2641,1,30,2637,'同心县'),(2642,1,30,2637,'盐池县'),(2643,1,30,2637,'红寺堡开发区'),(2647,1,30,2644,'西吉县'),(2648,1,30,2644,'隆德县'),(2649,1,30,2644,'泾源县'),(2650,1,30,2644,'彭阳县'),(2651,1,30,2644,'原州区'),(2653,1,31,2652,'乌鲁木齐县'),(2655,1,31,2654,'克拉玛依区'),(2657,1,31,2656,'石河子市'),(2659,1,31,2658,'吐鲁番市'),(2660,1,31,2658,'托克逊县'),(2661,1,31,2658,'鄯善县'),(2663,1,31,2662,'哈密市'),(2664,1,31,2662,'巴里坤县'),(2665,1,31,2662,'伊吾县'),(2667,1,31,2666,'和田市'),(2669,1,31,2666,'墨玉县'),(2670,1,31,2666,'洛浦县'),(2671,1,31,2666,'策勒县'),(2672,1,31,2666,'于田县'),(2673,1,31,2666,'民丰县'),(2674,1,31,2666,'皮山县'),(2676,1,31,2675,'阿克苏市'),(2678,1,31,2675,'温宿县'),(2679,1,31,2675,'沙雅县'),(2680,1,31,2675,'拜城县'),(2681,1,31,2675,'阿瓦提县'),(2682,1,31,2675,'库车县'),(2683,1,31,2675,'柯坪县'),(2684,1,31,2675,'新和县'),(2685,1,31,2675,'乌什县'),(2687,1,31,2686,'喀什市'),(2688,1,31,2686,'巴楚县'),(2689,1,31,2686,'泽普县'),(2690,1,31,2686,'伽师县'),(2691,1,31,2686,'叶城县'),(2692,1,31,2686,'岳普湖县'),(2693,1,31,2686,'疏附县'),(2694,1,31,2686,'疏勒县'),(2695,1,31,2686,'英吉沙县'),(2696,1,31,2686,'麦盖提县'),(2697,1,31,2686,'莎车县'),(2698,1,31,2686,'塔什库尔干县'),(2700,1,31,2699,'阿图什市'),(2701,1,31,2699,'阿合奇县'),(2702,1,31,2699,'乌恰县'),(2703,1,31,2699,'阿克陶县'),(2705,1,31,2704,'库尔勒市'),(2706,1,31,2704,'尉犁县'),(2707,1,31,2704,'和静县'),(2708,1,31,2704,'博湖县'),(2709,1,31,2704,'和硕县'),(2710,1,31,2704,'轮台县'),(2711,1,31,2704,'若羌县'),(2712,1,31,2704,'且末县'),(2713,1,31,2704,'焉耆县'),(2715,1,31,2714,'昌吉市'),(2716,1,31,2714,'阜康市'),(2718,1,31,2714,'奇台县'),(2719,1,31,2714,'玛纳斯县'),(2720,1,31,2714,'吉木萨尔县'),(2721,1,31,2714,'呼图壁县'),(2722,1,31,2714,'木垒县'),(2724,1,31,2723,'博乐市'),(2725,1,31,2723,'精河县'),(2726,1,31,2723,'温泉县'),(2728,1,31,2727,'伊宁市'),(2729,1,31,2727,'特克斯县'),(2730,1,31,2727,'尼勒克县'),(2731,1,31,2727,'昭苏县'),(2732,1,31,2727,'新源县'),(2733,1,31,2727,'霍城县'),(2734,1,31,2727,'察布查尔县'),(2735,1,31,2727,'巩留县'),(2737,1,31,2736,'塔城市'),(2738,1,31,2736,'乌苏市'),(2739,1,31,2736,'额敏县'),(2740,1,31,2736,'裕民县'),(2741,1,31,2736,'沙湾县'),(2742,1,31,2736,'托里县'),(2743,1,31,2736,'和布克赛尔县'),(2745,1,31,2744,'阿勒泰市'),(2746,1,31,2744,'富蕴县'),(2747,1,31,2744,'青河县'),(2748,1,31,2744,'吉木乃县'),(2749,1,31,2744,'布尔津县'),(2750,1,31,2744,'福海县'),(2751,1,31,2744,'哈巴河县'),(2756,1,5,258,'遵化市'),(2757,1,5,258,'丰南区'),(2759,1,5,258,'迁西县'),(2760,1,5,258,'滦南县'),(2762,1,5,258,'玉田县'),(2763,1,5,258,'曹妃甸区'),(2764,1,5,258,'乐亭县'),(2765,1,5,258,'滦县'),(2767,1,5,239,'隆化县'),(2769,1,32,2768,'台湾市区内'),(2772,1,13,1090,'无棣县'),(2773,1,13,1099,'鄄城县'),(2774,1,12,965,'海安县'),(2777,1,19,1657,'南朗镇'),(2782,1,7,412,'上街区'),(2799,1,1,72,'三环以内'),(2819,1,1,72,'三环到四环之间'),(2821,1,1,2802,'内环到三环里'),(2827,1,1,2801,'内环到二环里'),(2828,1,1,2804,'内环到三环里'),(2829,1,1,2803,'一环到二环'),(2831,1,1,2806,'四环到五环内'),(2832,1,1,2805,'四环到五环之间'),(2839,1,1,72,'四环到五环之间'),(2840,1,1,72,'五环到六环之间'),(2842,1,1,2803,'二环到三环'),(2847,1,1,2814,'郊区'),(2848,1,1,2800,'三环以内'),(2849,1,1,2800,'三环到四环之间'),(2850,1,1,2800,'四环到五环之间'),(2851,1,1,2800,'五环到六环之间'),(2852,1,1,2800,'六环以外'),(2853,1,1,2801,'二环到三环'),(2854,1,1,2805,'二环到三环'),(2855,1,1,2805,'三环到四环之间'),(2862,1,1,2816,'城区以外'),(2902,1,19,1657,'小榄镇'),(2906,1,1,2901,'城区以外'),(2907,1,3,51043,'全境'),(2908,1,13,2900,'梁山县'),(2910,1,13,2900,'兖州市'),(2912,1,13,2900,'微山县'),(2913,1,13,2900,'汶上县'),(2914,1,13,2900,'泗水县'),(2915,1,13,2900,'嘉祥县'),(2916,1,13,2900,'鱼台县'),(2917,1,13,2900,'金乡县'),(2924,1,13,1016,'周村区'),(2926,1,13,1072,'莒南县'),(2927,1,12,978,'新北区'),(2930,1,31,2654,'独山子区'),(2934,1,13,1108,'五莲县'),(2950,1,19,1655,'中堂镇'),(2952,1,26,2951,'城关区'),(2954,1,1,2953,'城区以外'),(2956,1,16,1352,'光泽县'),(2957,1,19,1657,'古镇'),(2958,1,25,2281,'孟连县'),(2962,1,13,1016,'淄川区'),(2963,1,15,1213,'江干区'),(2966,1,30,2637,'利通区'),(2967,1,6,325,'泽州县'),(2968,1,13,1016,'博山区'),(2969,1,13,1016,'临淄区'),(2970,1,28,2509,'雄关区'),(2972,1,14,2971,'泾县'),(2973,1,17,1477,'钟祥市'),(2974,1,13,1072,'郯城县'),(2984,1,3,51036,'全境'),(2985,1,3,51039,'全境'),(2986,1,3,51040,'全境'),(2987,1,3,51037,'全境'),(2990,1,5,248,'北戴河区'),(2991,1,20,1818,'罗城县'),(2993,1,9,2992,'龙山区'),(2994,1,9,2992,'西安区'),(2995,1,9,2992,'东丰县'),(2996,1,9,2992,'东辽县'),(2999,1,20,1753,'钦北区'),(3000,1,3,51038,'全境'),(3001,1,19,1657,'坦洲镇'),(3002,1,25,2270,'鲁甸县'),(3003,1,25,2270,'绥江县'),(3005,1,20,1715,'宾阳县'),(3006,1,31,2654,'白碱滩区'),(3007,1,19,1657,'黄圃镇'),(3016,1,19,1657,'三乡镇'),(3021,1,29,2620,'格尔木市'),(3022,1,16,1329,'涵江区'),(3023,1,28,2518,'崆峒区'),(3024,1,12,904,'溧水区'),(3037,1,19,1650,'海丰县'),(3038,1,15,1213,'滨江区'),(3041,1,19,1655,'东坑镇'),(3045,1,15,1280,'庆元县'),(3046,1,20,3044,'兴宾区'),(3047,1,20,3044,'合山市'),(3048,1,20,3044,'忻城县'),(3049,1,20,3044,'武宣县'),(3050,1,20,3044,'象州县'),(3051,1,20,3044,'金秀县'),(3055,1,17,1477,'沙洋县'),(3067,1,19,1657,'东凤镇'),(3068,1,13,1108,'莒县'),(3070,1,18,1574,'沅陵县'),(3072,1,30,3071,'中宁县'),(3073,1,6,325,'城区'),(3075,1,6,3074,'长治县'),(3077,1,5,148,'临漳县'),(3078,1,19,1655,'道滘镇'),(3079,1,17,1381,'武昌区'),(3081,1,28,3080,'岷县'),(3082,1,12,988,'相城区'),(3083,1,12,988,'金阊区'),(3085,1,12,988,'虎丘区'),(3087,1,12,988,'平江区'),(3088,1,12,988,'沧浪区'),(3092,1,5,239,'承德县'),(3096,1,10,776,'嫩江县'),(3097,1,19,1655,'沙田镇'),(3098,1,5,164,'威县'),(3100,1,19,1655,'高埗镇'),(3102,1,19,1655,'石龙镇'),(3104,1,19,1655,'石排镇'),(3105,1,19,1655,'企石镇'),(3108,1,26,3107,'索县'),(3109,1,6,3074,'潞城市'),(3111,1,19,1655,'石碣镇'),(3112,1,19,1657,'横栏镇'),(3113,1,7,495,'渑池县'),(3116,1,19,1655,'洪梅镇'),(3117,1,16,1332,'泉港区'),(3118,1,6,330,'平鲁区'),(3119,1,7,549,'商城县'),(3120,1,19,1655,'麻涌镇'),(3121,1,22,1988,'东兴区'),(3123,1,26,2951,'林周县'),(3125,1,23,3034,'那大镇'),(3126,1,13,1042,'芝罘区'),(3127,1,7,420,'通许县'),(3128,1,14,2971,'旌德县'),(3130,1,26,3129,'贡嘎县'),(3132,1,13,1112,'东平县'),(3133,1,11,799,'清水河县'),(3134,1,19,1655,'桥头镇'),(3136,1,6,379,'曲沃县'),(3139,1,26,3138,'昌都县'),(3142,1,11,902,'霍林郭勒市'),(3143,1,19,1657,'三角镇'),(3147,1,14,2971,'宁国市'),(3148,1,30,3071,'海原县'),(3151,1,19,1655,'望牛墩镇'),(3152,1,20,1818,'大化县'),(3155,1,19,1607,'南山区'),(3156,1,5,224,'沽源县'),(3160,1,26,3144,'聂拉木县'),(3163,1,17,1479,'广水市'),(3164,1,17,1479,'曾都区'),(3166,1,26,3144,'昂仁县'),(3169,1,20,3168,'江州区'),(3171,1,19,1655,'茶山镇'),(3172,1,9,639,'德惠市'),(3175,1,28,2573,'临夏市'),(3176,1,19,1657,'南头镇'),(3182,1,5,142,'井陉矿区'),(3187,1,5,148,'永年县'),(3190,1,5,199,'新市区'),(3191,1,5,199,'北市区'),(3192,1,5,199,'南市区'),(3193,1,5,199,'安新县'),(3197,1,5,239,'双滦区'),(3198,1,5,239,'鹰手营子矿区'),(3199,1,11,812,'元宝山区'),(3202,1,5,258,'古冶区'),(3203,1,5,258,'开平区'),(3206,1,5,274,'安次区'),(3207,1,5,274,'广阳区'),(3214,1,6,309,'新荣区'),(3216,1,6,309,'南郊区'),(3217,1,6,309,'矿区'),(3219,1,6,318,'矿区'),(3222,1,6,3074,'郊区'),(3223,1,6,3074,'襄垣县'),(3224,1,6,3074,'屯留县'),(3225,1,6,3074,'平顺县'),(3226,1,6,3074,'黎城县'),(3227,1,6,3074,'壶关县'),(3228,1,6,3074,'长子县'),(3229,1,6,3074,'武乡县'),(3230,1,6,3074,'沁县'),(3231,1,6,3074,'沁源县'),(3233,1,6,398,'闻喜县'),(3235,1,6,368,'交口县'),(3236,1,6,368,'交城县'),(3237,1,6,368,'石楼县'),(3240,1,11,799,'玉泉区'),(3241,1,11,799,'赛罕区'),(3245,1,11,805,'石拐区'),(3246,1,11,805,'白云矿区'),(3248,1,11,810,'海南区'),(3249,1,11,810,'乌达区'),(3251,1,11,812,'松山区'),(3252,1,11,902,'开鲁县'),(3253,1,11,902,'库伦旗'),(3254,1,11,902,'奈曼旗'),(3255,1,11,902,'扎鲁特旗'),(3256,1,11,902,'科尔沁左翼中旗'),(3258,1,11,902,'科尔沁左翼后旗'),(3261,1,8,573,'沙河口区'),(3263,1,8,573,'西岗区'),(3264,1,8,579,'铁东区'),(3266,1,8,579,'立山区'),(3268,1,8,584,'望花区'),(3269,1,8,584,'东洲区'),(3270,1,8,584,'新抚区'),(3271,1,8,584,'顺城区'),(3275,1,8,589,'南芬区'),(3282,1,8,609,'老边区'),(3283,1,8,609,'西市区'),(3286,1,8,617,'清河门区'),(3288,1,8,617,'新邱区'),(3290,1,8,621,'太子河区'),(3291,1,8,621,'弓长岭区'),(3292,1,8,621,'宏伟区'),(3299,1,8,632,'龙城区'),(3300,1,8,604,'龙港区'),(3306,1,9,639,'双阳区'),(3311,1,9,657,'东昌区'),(3312,1,9,687,'图们市'),(3313,1,9,687,'敦化市'),(3314,1,9,687,'珲春市'),(3315,1,9,687,'龙井市'),(3316,1,9,687,'和龙市'),(3317,1,9,687,'汪清县'),(3318,1,9,687,'安图县'),(3329,1,10,737,'恒山区'),(3330,1,10,737,'滴道区'),(3331,1,10,737,'梨树区'),(3332,1,10,737,'城子河区'),(3333,1,10,737,'麻山区'),(3334,1,10,727,'兴山区'),(3335,1,10,727,'向阳区'),(3336,1,10,727,'工农区'),(3337,1,10,727,'南山区'),(3338,1,10,727,'兴安区'),(3339,1,10,727,'东山区'),(3340,1,10,731,'尖山区'),(3341,1,10,731,'岭东区'),(3342,1,10,731,'四方台区'),(3343,1,10,731,'宝山区'),(3344,1,10,753,'伊春区'),(3345,1,10,753,'南岔区'),(3346,1,10,753,'友好区'),(3347,1,10,753,'西林区'),(3348,1,10,753,'翠峦区'),(3349,1,10,753,'新青区'),(3350,1,10,753,'美溪区'),(3351,1,10,753,'金山屯区'),(3352,1,10,753,'五营区'),(3353,1,10,753,'乌马河区'),(3354,1,10,753,'汤旺河区'),(3355,1,10,753,'带岭区'),(3356,1,10,753,'乌伊岭区'),(3357,1,10,753,'红星区'),(3358,1,10,753,'上甘岭区'),(3364,1,10,773,'桃山区'),(3365,1,10,773,'新兴区'),(3366,1,10,773,'茄子河区'),(3367,1,10,757,'爱民区'),(3368,1,10,757,'东安区'),(3369,1,10,757,'阳明区'),(3370,1,10,757,'西安区'),(3371,1,10,776,'爱辉区'),(3373,1,12,904,'玄武区'),(3375,1,12,904,'秦淮区'),(3376,1,12,904,'建邺区'),(3377,1,12,904,'鼓楼区'),(3378,1,12,904,'栖霞区'),(3379,1,12,904,'雨花台区'),(3381,1,12,984,'崇安区'),(3382,1,12,984,'南长区'),(3383,1,12,984,'北塘区'),(3384,1,12,984,'锡山区'),(3385,1,12,984,'惠山区'),(3388,1,12,911,'贾汪区'),(3392,1,12,978,'钟楼区'),(3393,1,12,978,'天宁区'),(3394,1,12,965,'港闸区'),(3395,1,12,965,'崇川区'),(3403,1,12,972,'润州区'),(3404,1,12,972,'京口区'),(3405,1,12,959,'高港区'),(3406,1,12,959,'海陵区'),(3407,1,12,933,'宿城区'),(3408,1,15,1213,'上城区'),(3409,1,15,1213,'下城区'),(3410,1,15,1213,'拱墅区'),(3411,1,15,1213,'西湖区'),(3412,1,15,1158,'海曙区'),(3413,1,15,1158,'江东区'),(3416,1,15,1233,'龙湾区'),(3418,1,15,1243,'南湖区'),(3419,1,15,1243,'秀洲区'),(3431,1,14,1116,'包河区'),(3432,1,14,1116,'蜀山区'),(3433,1,14,1116,'瑶海区'),(3434,1,14,1116,'庐阳区'),(3438,1,14,1127,'镜湖区'),(3442,1,14,1132,'蚌山区'),(3444,1,12,988,'工业园区'),(3447,1,14,1121,'田家庵区'),(3448,1,14,1121,'大通区'),(3449,1,14,1121,'谢家集区'),(3450,1,14,1121,'八公山区'),(3451,1,14,1121,'潘集区'),(3464,1,14,1151,'黄山区'),(3467,1,14,1159,'南谯区'),(3477,1,14,2971,'郎溪县'),(3478,1,14,2971,'广德县'),(3479,1,14,2971,'绩溪县'),(3483,1,16,1303,'台江区'),(3484,1,16,1303,'鼓楼区'),(3486,1,16,1315,'湖里区'),(3489,1,16,1315,'翔安区'),(3492,1,16,1329,'秀屿区'),(3495,1,16,1332,'金门县'),(3498,1,16,1332,'洛江区'),(3499,1,16,1341,'芗城区'),(3500,1,16,1341,'龙文区'),(3502,1,21,1827,'新建县'),(3504,1,21,1827,'湾里区'),(3505,1,21,1827,'青云谱区'),(3506,1,21,1827,'西湖区'),(3507,1,21,1827,'东湖区'),(3508,1,21,1832,'珠山区'),(3519,1,13,1007,'四方区'),(3520,1,13,1007,'市北区'),(3521,1,13,1007,'市南区'),(3522,1,13,1022,'山亭区'),(3523,1,13,1022,'台儿庄区'),(3524,1,13,1022,'峄城区'),(3525,1,13,1022,'薛城区'),(3526,1,13,1022,'市中区'),(3528,1,13,1042,'莱山区'),(3530,1,13,1032,'坊子区'),(3533,1,13,2900,'任城区'),(3535,1,13,1112,'宁阳县'),(3539,1,13,1058,'钢城区'),(3540,1,13,1072,'罗庄区'),(3542,1,13,1060,'德城区'),(3543,1,13,1099,'牡丹区'),(3544,1,7,412,'惠济区'),(3545,1,7,412,'金水区'),(3546,1,7,412,'管城区'),(3547,1,7,412,'二七区'),(3548,1,7,412,'中原区'),(3555,1,7,427,'吉利区'),(3556,1,7,427,'涧西区'),(3557,1,7,427,'瀍河区'),(3558,1,7,427,'老城区'),(3559,1,7,427,'西工区'),(3560,1,7,438,'石龙区'),(3566,1,7,446,'解放区'),(3567,1,7,454,'山城区'),(3570,1,7,458,'凤泉区'),(3576,1,7,489,'源汇区'),(3582,1,17,1381,'江汉区'),(3583,1,17,1381,'硚口区'),(3593,1,17,1413,'沙市区'),(3594,1,17,1421,'宜都市'),(3595,1,17,1421,'猇亭区'),(3596,1,17,1421,'点军区'),(3597,1,17,1421,'伍家岗区'),(3598,1,17,1421,'西陵区'),(3599,1,17,1477,'掇刀区'),(3600,1,17,1477,'东宝区'),(3601,1,17,1475,'梁子湖区'),(3602,1,17,1475,'华容区'),(3606,1,18,1482,'芙蓉区'),(3619,1,18,1522,'君山区'),(3620,1,18,1522,'云溪区'),(3622,1,18,1540,'永定区'),(3626,1,18,1574,'中方县'),(3633,1,19,1601,'天河区'),(3634,1,19,1601,'海珠区'),(3635,1,19,1601,'荔湾区'),(3637,1,19,1601,'越秀区'),(3638,1,19,1607,'罗湖区'),(3639,1,19,1607,'福田区'),(3643,1,19,1617,'武江区'),(3644,1,19,1617,'浈江区'),(3646,1,19,1677,'坡头区'),(3650,1,20,1715,'横县'),(3651,1,20,1715,'上林县'),(3652,1,20,1715,'隆安县'),(3653,1,20,1715,'马山县'),(3659,1,20,1720,'融安县'),(3660,1,20,1720,'三江县'),(3661,1,20,1720,'融水县'),(3666,1,20,1726,'恭城县'),(3670,1,20,1726,'象山区'),(3678,1,20,1806,'凌云县'),(3679,1,20,1818,'都安县'),(3680,1,20,1818,'金城江区'),(3681,1,20,3168,'凭祥市'),(3682,1,20,3168,'扶绥县'),(3683,1,20,3168,'大新县'),(3684,1,20,3168,'天等县'),(3685,1,20,3168,'宁明县'),(3686,1,20,3168,'龙州县'),(3693,1,23,3690,'海棠湾镇'),(3694,1,23,3690,'吉阳镇'),(3695,1,23,3690,'凤凰镇'),(3696,1,23,3690,'天涯镇'),(3697,1,23,3690,'育才镇'),(3712,1,23,3699,'通什镇'),(3713,1,23,3699,'南圣镇'),(3714,1,23,3699,'毛阳镇'),(3715,1,23,3699,'番阳镇'),(3716,1,23,3699,'畅好乡'),(3717,1,23,3699,'毛道乡'),(3719,1,23,3699,'水满乡'),(3720,1,23,3115,'嘉积镇'),(3721,1,23,3115,'万泉镇'),(3722,1,23,3115,'石壁镇'),(3723,1,23,3115,'中原镇'),(3724,1,23,3115,'博鳌镇'),(3725,1,23,3115,'阳江镇'),(3727,1,23,3115,'龙江镇'),(3728,1,23,3115,'潭门镇'),(3729,1,23,3115,'塔洋镇'),(3730,1,23,3115,'长坡镇'),(3731,1,23,3115,'大路镇'),(3732,1,23,3115,'会山镇'),(3733,1,23,3034,'和庆镇'),(3734,1,23,3034,'南丰镇'),(3735,1,23,3034,'大成镇'),(3736,1,23,3034,'雅星镇'),(3737,1,23,3034,'兰洋镇'),(3738,1,23,3034,'光村镇'),(3739,1,23,3034,'木棠镇'),(3740,1,23,3034,'海头镇'),(3741,1,23,3034,'峨蔓镇'),(3742,1,12,988,'高新区'),(3743,1,19,1657,'沙溪镇'),(3744,1,23,3034,'三都镇'),(3745,1,23,3034,'王五镇'),(3746,1,23,3034,'白马井镇'),(3747,1,23,3034,'中和镇'),(3748,1,23,3034,'排浦镇'),(3749,1,23,3034,'东成镇'),(3750,1,23,3034,'新州镇'),(3751,1,23,3034,'洋浦经济开发区'),(3752,1,23,3698,'文城镇'),(3753,1,23,3698,'重兴镇'),(3754,1,23,3698,'蓬莱镇'),(3755,1,23,3698,'会文镇'),(3756,1,23,3698,'东路镇'),(3757,1,23,3698,'潭牛镇'),(3758,1,23,3698,'东阁镇'),(3759,1,23,3698,'文教镇'),(3760,1,23,3698,'东郊镇'),(3761,1,23,3698,'龙楼镇'),(3762,1,23,3698,'昌洒镇'),(3763,1,23,3698,'翁田镇'),(3764,1,23,3698,'抱罗镇'),(3765,1,23,3698,'冯坡镇'),(3766,1,23,3698,'锦山镇'),(3767,1,23,3698,'铺前镇'),(3768,1,23,3137,'万城镇'),(3769,1,23,3137,'龙滚镇'),(3770,1,23,3137,'和乐镇'),(3771,1,23,3137,'后安镇'),(3772,1,23,3137,'大茂镇'),(3773,1,23,3137,'东澳镇'),(3774,1,23,3137,'礼纪镇'),(3775,1,23,3137,'长丰镇'),(3776,1,23,3137,'山根镇'),(3777,1,23,3137,'北大镇'),(3778,1,23,3137,'南桥镇'),(3779,1,23,3137,'三更罗镇'),(3780,1,23,3173,'八所镇'),(3781,1,23,3173,'东河镇'),(3782,1,23,3173,'大田镇'),(3783,1,23,3173,'感城镇'),(3784,1,23,3173,'板桥镇'),(3785,1,23,3173,'三家镇'),(3786,1,23,3173,'四更镇'),(3787,1,23,3173,'新龙镇'),(3788,1,23,3173,'天安乡'),(3789,1,23,3173,'江边乡'),(3790,1,23,3701,'临城镇'),(3791,1,23,3701,'波莲镇'),(3792,1,23,3701,'东英镇'),(3793,1,23,3701,'博厚镇'),(3794,1,23,3701,'皇桐镇'),(3795,1,23,3701,'多文镇'),(3796,1,23,3701,'和舍镇'),(3797,1,23,3701,'南宝镇'),(3798,1,23,3701,'新盈镇'),(3799,1,23,3701,'调楼镇'),(3800,1,23,3701,'加来镇'),(3801,1,23,3702,'金江镇'),(3802,1,23,3702,'老城镇'),(3803,1,23,3702,'瑞溪镇'),(3804,1,23,3702,'永发镇'),(3805,1,23,3702,'加乐镇'),(3806,1,23,3702,'文儒镇'),(3807,1,23,3702,'中兴镇'),(3808,1,23,3702,'仁兴镇'),(3809,1,23,3702,'福山镇'),(3810,1,23,3702,'桥头镇'),(3811,1,23,3703,'定城镇'),(3812,1,23,3703,'新竹镇'),(3813,1,23,3703,'龙湖镇'),(3814,1,23,3703,'雷鸣镇'),(3815,1,23,3703,'龙门镇'),(3816,1,23,3703,'龙河镇'),(3817,1,23,3703,'岭口镇'),(3818,1,23,3703,'翰林镇'),(3819,1,23,3703,'富文镇'),(3820,1,23,3704,'屯城镇'),(3821,1,23,3704,'新兴镇'),(3822,1,23,3704,'枫木镇'),(3823,1,23,3704,'乌坡镇'),(3824,1,23,3704,'南吕镇'),(3825,1,23,3704,'南坤镇'),(3826,1,23,3704,'坡心镇'),(3827,1,23,3704,'西昌镇'),(3828,1,23,3705,'石碌镇'),(3829,1,23,3705,'叉河镇'),(3830,1,23,3705,'十月田镇'),(3831,1,23,3705,'乌烈镇'),(3832,1,23,3705,'昌化镇'),(3833,1,23,3705,'海尾镇'),(3834,1,23,3706,'牙叉镇'),(3835,1,23,3706,'七坊镇'),(3836,1,23,3706,'邦溪镇'),(3837,1,23,3706,'打安镇'),(3838,1,23,3706,'细水乡'),(3839,1,23,3706,'元门乡'),(3840,1,23,3706,'南开乡'),(3841,1,23,3706,'阜龙乡'),(3842,1,23,3706,'青松乡'),(3843,1,23,3706,'金波乡'),(3844,1,23,3706,'荣邦乡'),(3845,1,23,3710,'抱由镇'),(3846,1,23,3710,'万冲镇'),(3847,1,23,3710,'大安镇'),(3849,1,23,3710,'志仲镇'),(3851,1,23,3710,'千家镇'),(3852,1,23,3710,'九所镇'),(3853,1,23,3710,'利国镇'),(3854,1,23,3710,'黄流镇'),(3855,1,23,3710,'佛罗镇'),(3856,1,23,3710,'尖峰镇'),(3857,1,23,3710,'莺歌海镇'),(3858,1,23,3708,'椰林镇'),(3859,1,23,3708,'光坡镇'),(3860,1,23,3708,'三才镇'),(3861,1,23,3708,'英州镇'),(3862,1,23,3708,'隆广镇'),(3863,1,23,3708,'文罗镇'),(3864,1,23,3708,'本号镇'),(3865,1,23,3708,'新村镇'),(3866,1,23,3708,'黎安镇'),(3867,1,23,3708,'提蒙乡'),(3868,1,23,3708,'群英乡'),(3869,1,23,3709,'保城镇'),(3870,1,23,3709,'什玲镇'),(3871,1,23,3709,'加茂镇'),(3872,1,23,3709,'响水镇'),(3873,1,23,3709,'新政镇'),(3874,1,23,3709,'三道镇'),(3875,1,23,3709,'六弓乡'),(3876,1,23,3709,'南林乡'),(3877,1,23,3709,'毛感乡'),(3878,1,23,3707,'营根镇'),(3879,1,23,3707,'湾岭镇'),(3880,1,23,3707,'黎母山镇'),(3881,1,23,3707,'和平镇'),(3882,1,23,3707,'长征镇'),(3883,1,23,3707,'红毛镇'),(3884,1,23,3707,'中平镇'),(3885,1,23,3707,'上安乡'),(3886,1,23,3707,'什运乡'),(3887,1,23,3711,'西沙群岛'),(3888,1,23,3711,'南沙群岛'),(3895,1,22,1946,'沿滩区'),(3896,1,22,1950,'西区'),(3898,1,22,1954,'纳溪区'),(3901,1,22,1977,'昭化区'),(3902,1,22,1977,'朝天区'),(3904,1,22,2042,'巴州区'),(3905,1,22,2065,'雁江区'),(3906,1,24,2144,'南明区'),(3909,1,24,2144,'白云区'),(3912,1,25,2235,'五华区'),(3913,1,25,2235,'官渡区'),(3914,1,25,2235,'西山区'),(3915,1,25,2291,'双江县'),(3916,1,25,2291,'沧源县'),(3917,1,25,2336,'姚安县'),(3918,1,26,2951,'当雄县'),(3919,1,26,2951,'尼木县'),(3920,1,26,2951,'曲水县'),(3921,1,26,2951,'堆龙德庆县'),(3922,1,26,2951,'达孜县'),(3923,1,26,2951,'墨竹工卡县'),(3924,1,26,3138,'江达县'),(3925,1,26,3138,'贡觉县'),(3926,1,26,3138,'类乌齐县'),(3927,1,26,3138,'丁青县'),(3928,1,26,3138,'察雅县'),(3929,1,26,3138,'八宿县'),(3930,1,26,3138,'左贡县'),(3931,1,26,3138,'芒康县'),(3932,1,26,3138,'洛隆县'),(3933,1,26,3138,'边坝县'),(3934,1,26,3129,'扎囊县'),(3935,1,26,3129,'乃东县'),(3936,1,26,3129,'桑日县'),(3937,1,26,3129,'琼结县'),(3938,1,26,3129,'曲松县'),(3939,1,26,3129,'措美县'),(3940,1,26,3129,'洛扎县'),(3941,1,26,3129,'加查县'),(3942,1,26,3129,'隆子县'),(3943,1,26,3129,'错那县'),(3944,1,26,3129,'浪卡子县'),(3945,1,26,3144,'日喀则市'),(3946,1,26,3144,'南木林县'),(3947,1,26,3144,'江孜县'),(3948,1,26,3144,'定日县'),(3949,1,26,3144,'萨迦县　'),(3950,1,26,3144,'拉孜县'),(3951,1,26,3144,'谢通门县'),(3952,1,26,3144,'白朗县'),(3953,1,26,3144,'仁布县'),(3954,1,26,3144,'康马县'),(3955,1,26,3144,'定结县'),(3956,1,26,3144,'仲巴县'),(3957,1,26,3144,'亚东县'),(3958,1,26,3144,'吉隆县'),(3959,1,26,3144,'萨嘎县'),(3960,1,26,3144,'岗巴县'),(3961,1,26,3107,'那曲县'),(3962,1,26,3107,'嘉黎县'),(3963,1,26,3107,'比如县'),(3964,1,26,3107,'聂荣县'),(3965,1,26,3107,'安多县'),(3966,1,26,3107,'申扎县'),(3967,1,26,3107,'班戈县'),(3968,1,26,3107,'巴青县'),(3969,1,26,3107,'尼玛县'),(3972,1,26,3970,'噶尔县'),(3973,1,26,3970,'普兰县'),(3974,1,26,3970,'札达县　'),(3975,1,26,3970,'日土县'),(3976,1,26,3970,'革吉县'),(3977,1,26,3970,'改则县'),(3978,1,26,3970,'措勤县'),(3979,1,26,3971,'林芝县'),(3980,1,26,3971,'工布江达县'),(3981,1,26,3971,'米林县'),(3982,1,26,3971,'墨脱县'),(3983,1,26,3971,'波密县'),(3984,1,26,3971,'察隅县'),(3985,1,26,3971,'朗县'),(3989,1,27,2386,'耀州区'),(3990,1,27,2390,'金台区'),(3993,1,27,2476,'汉滨区'),(3995,1,28,2487,'西固区'),(3997,1,28,2487,'红古区'),(3998,1,28,2518,'静宁县'),(3999,1,28,2556,'瓜州县'),(4000,1,28,2556,'肃州区'),(4001,1,28,2525,'庆城县'),(4002,1,28,3080,'安定区'),(4003,1,28,3080,'通渭县'),(4004,1,28,3080,'临洮县'),(4005,1,28,3080,'漳县'),(4006,1,28,3080,'渭源县'),(4007,1,28,3080,'陇西县'),(4008,1,28,2573,'广河县'),(4012,1,29,2603,'共和县'),(4013,1,29,2603,'同德县'),(4014,1,29,2603,'贵德县'),(4015,1,29,2603,'兴海县'),(4016,1,29,2603,'贵南县'),(4020,1,30,3071,'沙坡头区'),(4024,1,31,2652,'头屯河区'),(4025,1,31,2652,'达坂城区'),(4026,1,31,2652,'米东区'),(4027,1,31,2654,'乌尔禾区'),(4028,1,31,2727,'奎屯市'),(4029,1,12,984,'新区'),(4039,1,21,1827,'高新区'),(4042,1,19,1657,'五桂山镇'),(4043,1,13,1081,'高唐县'),(4046,1,5,224,'宣化区'),(4076,1,19,1657,'阜沙镇'),(4078,1,17,1413,'荆州区'),(4080,1,19,1657,'东升镇'),(4081,1,27,2454,'靖边县'),(4087,1,19,1655,'谢岗镇'),(4093,1,5,248,'抚宁县'),(4097,1,5,274,'开发区'),(4101,1,21,1827,'昌北区'),(4102,1,19,1657,'板芙镇'),(4113,1,13,1108,'岚山区'),(4114,1,10,793,'加格达奇区'),(4115,1,10,793,'松岭区'),(4116,1,10,793,'呼中区'),(4122,1,31,4110,'五家渠市'),(4127,1,19,1657,'神湾镇'),(4130,1,15,1250,'南浔区'),(4134,1,1,2800,'西三旗'),(4135,1,1,2901,'六环以内'),(4136,1,1,2901,'城区'),(4137,1,1,72,'管庄'),(4139,1,1,72,'北苑'),(4141,1,19,1657,'港口镇'),(4147,1,19,1655,'松山湖'),(4148,1,10,757,'绥芬河市'),(4150,1,7,427,'嵩县'),(4158,1,5,142,'平山县'),(4161,1,21,1845,'共青城市'),(4172,1,14,1127,'弋江区'),(4173,1,14,1116,'经济技术开发区'),(4182,1,23,3690,'崖城镇'),(4187,1,1,2806,'石景山城区'),(4188,1,1,2806,'八大处科技园区'),(4190,1,19,1657,'大涌镇'),(4192,1,14,1116,'高新技术开发区'),(4194,1,1,2810,'四环至五环之间'),(4196,1,13,1108,'新市区'),(4205,1,1,2810,'六环以外'),(4209,1,1,2800,'西二旗'),(4211,1,1,72,'定福庄'),(4214,1,23,3034,'富克镇'),(4223,1,12,911,'金山桥开发区'),(4224,1,12,911,'铜山经济技术开发区'),(4228,1,12,911,'八段工业园区'),(4238,1,19,1705,'枫溪区'),(4248,1,12,919,'连云区'),(4253,1,15,1158,'高新科技开发区'),(4255,1,19,1655,'莞城区'),(4256,1,19,1655,'南城区'),(4277,1,13,1000,'高新区'),(4284,1,22,1930,'高新西区'),(4285,1,15,1213,'下沙区'),(4298,1,4,50951,'内环以内'),(4305,1,12,925,'经济开发区'),(4337,1,7,412,'郑东新区'),(4342,1,15,1233,'茶山高教园区'),(4343,1,27,2376,'雁塔区'),(4346,1,12,988,'太仓市'),(4385,1,12,965,'南通经济技术开发区'),(4424,1,17,1381,'武汉经济技术开发区'),(4429,1,15,1243,'桐乡市'),(4430,1,15,1243,'平湖市'),(4431,1,15,1243,'嘉善县'),(4457,1,20,1726,'雁山区'),(4459,1,12,978,'武进区'),(4468,1,8,573,'中山区'),(4498,1,23,3703,'黄竹镇'),(4499,1,31,2727,'伊宁县'),(4760,1,19,1655,'长安镇'),(4773,1,19,1607,'宝安区'),(4781,1,19,1690,'端州区'),(4832,1,14,1167,'经济开发区'),(4852,1,19,1657,'火炬开发区'),(4866,1,19,1655,'寮步镇'),(4871,1,19,1655,'大岭山镇'),(4886,1,19,1655,'常平镇'),(4909,1,13,1007,'李沧区'),(4910,1,19,1655,'厚街镇'),(4911,1,19,1655,'万江区'),(4912,1,8,598,'古塔区'),(4913,1,8,598,'凌河区'),(4914,1,8,598,'太和区'),(4916,1,12,972,'镇江新区'),(4932,1,19,1655,'樟木头镇'),(4960,1,14,1121,'淮南高新技术开发区'),(4961,1,22,1983,'船山区'),(4980,1,19,1655,'大朗镇'),(5457,1,19,1655,'塘厦镇'),(5473,1,19,1655,'凤岗镇'),(5484,1,19,1709,'东山区'),(5505,1,13,1007,'黄岛区'),(5864,1,19,1709,'普宁市'),(5869,1,19,1655,'清溪镇'),(5905,1,19,1655,'横沥镇'),(5909,1,8,573,'甘井子区'),(6006,1,14,1180,'经济开发区'),(6115,1,1,2814,'城区以内'),(6117,1,14,1116,'北城新区'),(6118,1,14,1116,'滨湖新区'),(6119,1,14,1116,'政务文化新区'),(6120,1,14,1116,'新站综合开发试验区'),(6501,1,1,2810,'五环至六环之间'),(6561,1,8,573,'高新园区'),(6627,1,8,573,'大连开发区'),(6628,1,8,609,'站前区'),(6641,1,9,651,'铁东区'),(6642,1,9,651,'铁西区'),(6646,1,3,51050,'外环内'),(6666,1,1,2953,'城区'),(6667,1,1,2816,'城区'),(6675,1,19,1607,'光明新区'),(6712,1,10,782,'北林区'),(6736,1,19,1607,'坪山新区'),(6737,1,19,1607,'大鹏新区'),(6790,1,8,598,'经济技术开发区'),(6822,1,31,2744,'北屯市'),(6823,1,25,4108,'香格里拉县'),(6824,1,25,4108,'德钦县'),(6825,1,25,4108,'维西县'),(6859,1,8,6858,'银州区'),(6860,1,8,6858,'清河区'),(6862,1,8,6858,'开原市'),(6863,1,8,6858,'铁岭县'),(6864,1,8,6858,'西丰县'),(6865,1,8,6858,'昌图县'),(6963,1,14,1137,'博望区'),(7357,1,17,1479,'随县'),(8540,1,19,1657,'民众镇'),(8545,1,3,51049,'大港油田'),(8546,1,3,51049,'主城区内'),(8547,1,3,51049,'主城区外'),(8558,1,12,933,'沭阳县'),(8559,1,12,933,'泗阳县'),(8891,1,24,2180,'七星关区'),(9756,1,4,123,'柏梓镇'),(9757,1,4,123,'宝龙镇'),(9758,1,4,123,'崇龛镇'),(9759,1,4,123,'古溪镇'),(9760,1,4,123,'龙形镇'),(9761,1,4,123,'米心镇'),(9762,1,4,123,'群力镇'),(9763,1,4,123,'上和镇'),(9764,1,4,123,'双江镇'),(9765,1,4,123,'太安镇'),(9766,1,4,123,'塘坝镇'),(9767,1,4,123,'卧佛镇'),(9768,1,4,123,'五桂镇'),(9769,1,4,123,'小渡镇'),(9770,1,4,123,'新胜镇'),(9771,1,4,123,'玉溪镇'),(9772,1,4,123,'别口乡'),(9773,1,4,123,'田家乡'),(9774,1,4,123,'寿桥乡'),(9786,1,4,113,'白土镇'),(9787,1,4,113,'白羊镇'),(9788,1,4,113,'大周镇'),(9789,1,4,113,'弹子镇'),(9790,1,4,113,'分水镇'),(9791,1,4,113,'甘宁镇'),(9792,1,4,113,'高峰镇'),(9793,1,4,113,'高梁镇'),(9794,1,4,113,'后山镇'),(9795,1,4,113,'李河镇'),(9796,1,4,113,'龙驹镇'),(9797,1,4,113,'龙沙镇'),(9798,1,4,113,'罗田镇'),(9799,1,4,113,'孙家镇'),(9800,1,4,113,'太安镇'),(9801,1,4,113,'太龙镇'),(9802,1,4,113,'天城镇'),(9803,1,4,113,'武陵镇'),(9804,1,4,113,'响水镇'),(9805,1,4,113,'小周镇'),(9806,1,4,113,'新田镇'),(9807,1,4,113,'新乡镇'),(9808,1,4,113,'熊家镇'),(9809,1,4,113,'余家镇'),(9810,1,4,113,'长岭镇'),(9811,1,4,113,'长坪镇'),(9812,1,4,113,'长滩镇'),(9813,1,4,113,'走马镇'),(9814,1,4,113,'瀼渡镇'),(9815,1,4,113,'茨竹乡'),(9816,1,4,113,'柱山乡'),(9817,1,4,113,'燕山乡'),(9818,1,4,113,'溪口乡'),(9819,1,4,113,'普子乡'),(9820,1,4,113,'地宝乡'),(9821,1,4,113,'铁峰乡'),(9822,1,4,113,'黄柏乡'),(9823,1,4,113,'九池乡'),(9824,1,4,113,'梨树乡'),(9825,1,4,113,'郭村乡'),(9826,1,4,113,'恒合乡'),(9831,1,4,132,'九龙山镇'),(9832,1,4,132,'大进镇'),(9833,1,4,132,'敦好镇'),(9834,1,4,132,'高桥镇'),(9835,1,4,132,'郭家镇'),(9836,1,4,132,'和谦镇'),(9837,1,4,132,'河堰镇'),(9838,1,4,132,'厚坝镇'),(9839,1,4,132,'临江镇'),(9840,1,4,132,'南门镇'),(9841,1,4,132,'南雅镇'),(9842,1,4,132,'渠口镇'),(9843,1,4,132,'铁桥镇'),(9844,1,4,132,'温泉镇'),(9845,1,4,132,'义和镇'),(9846,1,4,132,'长沙镇'),(9847,1,4,132,'赵家镇'),(9848,1,4,132,'镇安镇'),(9849,1,4,132,'中和镇'),(9850,1,4,132,'竹溪镇'),(9851,1,4,132,'三汇口乡'),(9852,1,4,132,'白桥乡'),(9853,1,4,132,'大德乡'),(9854,1,4,132,'关面乡'),(9855,1,4,132,'金峰乡'),(9856,1,4,132,'麻柳乡'),(9857,1,4,132,'满月乡'),(9858,1,4,132,'谭家乡'),(9859,1,4,132,'天和乡'),(9860,1,4,132,'巫山镇'),(9861,1,4,132,'五通乡'),(9862,1,4,132,'紫水乡'),(9898,1,4,114,'李渡镇'),(9899,1,4,114,'白涛镇'),(9900,1,4,114,'百胜镇'),(9901,1,4,114,'堡子镇'),(9902,1,4,114,'焦石镇'),(9903,1,4,114,'蔺市镇'),(9904,1,4,114,'龙桥镇'),(9905,1,4,114,'龙潭镇'),(9906,1,4,114,'马武镇'),(9907,1,4,114,'南沱镇'),(9908,1,4,114,'青羊镇'),(9909,1,4,114,'清溪镇'),(9910,1,4,114,'石沱镇'),(9911,1,4,114,'新妙镇'),(9912,1,4,114,'义和镇'),(9913,1,4,114,'增福乡'),(9914,1,4,114,'珍溪镇'),(9915,1,4,114,'镇安镇'),(9916,1,4,114,'致韩镇'),(9917,1,4,114,'土地坡乡'),(9918,1,4,114,'武陵山乡'),(9919,1,4,114,'中峰乡'),(9920,1,4,114,'梓里乡'),(9921,1,4,114,'丛林乡'),(9922,1,4,114,'大木乡'),(9923,1,4,114,'惠民乡'),(9924,1,4,114,'酒店乡'),(9925,1,4,114,'聚宝乡'),(9926,1,4,114,'卷洞乡'),(9927,1,4,114,'两汇乡'),(9928,1,4,114,'罗云乡'),(9929,1,4,114,'明家乡'),(9930,1,4,114,'仁义乡'),(9931,1,4,114,'山窝乡'),(9932,1,4,114,'石和乡'),(9933,1,4,114,'石龙乡'),(9934,1,4,114,'太和乡'),(9935,1,4,114,'天台乡'),(9936,1,4,114,'同乐乡'),(9937,1,4,114,'新村乡'),(9938,1,4,115,'梁山镇'),(9939,1,4,115,'柏家镇'),(9940,1,4,115,'碧山镇'),(9941,1,4,115,'大观镇'),(9942,1,4,115,'福禄镇'),(9943,1,4,115,'合兴镇'),(9944,1,4,115,'和林镇'),(9945,1,4,115,'虎城镇'),(9946,1,4,115,'回龙镇'),(9947,1,4,115,'金带镇'),(9948,1,4,115,'聚奎镇'),(9949,1,4,115,'礼让镇'),(9950,1,4,115,'龙门镇'),(9951,1,4,115,'明达镇'),(9952,1,4,115,'蟠龙镇'),(9953,1,4,115,'屏锦镇'),(9954,1,4,115,'仁贤镇'),(9955,1,4,115,'石安镇'),(9956,1,4,115,'文化镇'),(9957,1,4,115,'新盛镇'),(9958,1,4,115,'荫平镇'),(9959,1,4,115,'袁驿镇'),(9960,1,4,115,'云龙镇'),(9961,1,4,115,'竹山镇'),(9962,1,4,115,'安胜乡'),(9963,1,4,115,'铁门乡'),(9964,1,4,115,'紫照乡'),(9965,1,4,115,'曲水乡'),(9966,1,4,115,'龙胜乡'),(9967,1,4,115,'城北乡'),(9968,1,4,115,'城东乡'),(9969,1,4,115,'复平乡'),(9973,1,4,119,'太平场镇'),(9974,1,4,119,'大观镇'),(9975,1,4,119,'大有镇'),(9976,1,4,119,'合溪镇'),(9977,1,4,119,'金山镇'),(9978,1,4,119,'鸣玉镇'),(9979,1,4,119,'南平镇'),(9980,1,4,119,'三泉镇'),(9981,1,4,119,'神童镇'),(9982,1,4,119,'石墙镇'),(9983,1,4,119,'水江镇'),(9984,1,4,119,'头渡镇'),(9985,1,4,119,'兴隆镇'),(9986,1,4,119,'冷水关乡'),(9987,1,4,119,'德隆乡'),(9988,1,4,119,'峰岩乡'),(9989,1,4,119,'福寿乡'),(9990,1,4,119,'古花乡'),(9991,1,4,119,'河图乡'),(9992,1,4,119,'民主乡'),(9993,1,4,119,'木凉乡'),(9994,1,4,119,'乾丰乡'),(9995,1,4,119,'庆元乡'),(9996,1,4,119,'石莲乡'),(9997,1,4,119,'石溪乡'),(9998,1,4,119,'铁村乡'),(9999,1,4,119,'土溪乡'),(10000,1,4,119,'鱼泉乡'),(10001,1,4,119,'中桥乡'),(10005,1,4,128,'正阳镇'),(10006,1,4,128,'舟白镇'),(10007,1,4,128,'阿蓬江镇'),(10008,1,4,128,'小南海镇'),(10009,1,4,128,'鹅池镇'),(10010,1,4,128,'冯家镇'),(10011,1,4,128,'黑溪镇'),(10012,1,4,128,'黄溪镇'),(10013,1,4,128,'金溪镇'),(10014,1,4,128,'黎水镇'),(10015,1,4,128,'邻鄂镇'),(10016,1,4,128,'马喇镇'),(10017,1,4,128,'石会镇'),(10018,1,4,128,'石家镇'),(10019,1,4,128,'濯水镇'),(10020,1,4,128,'白石乡'),(10021,1,4,128,'白土乡'),(10022,1,4,128,'金洞乡'),(10023,1,4,128,'蓬东乡'),(10024,1,4,128,'沙坝乡'),(10025,1,4,128,'杉岭乡'),(10026,1,4,128,'水市乡'),(10027,1,4,128,'水田乡'),(10028,1,4,128,'太极乡'),(10029,1,4,128,'五里乡'),(10030,1,4,128,'新华乡'),(10031,1,4,128,'中塘乡'),(10032,1,4,129,'仙女山镇'),(10033,1,4,129,'巷口镇'),(10034,1,4,129,'白马镇'),(10035,1,4,129,'火炉镇'),(10036,1,4,129,'江口镇'),(10037,1,4,129,'平桥镇'),(10038,1,4,129,'桐梓镇'),(10039,1,4,129,'土坎镇'),(10040,1,4,129,'鸭江镇'),(10041,1,4,129,'羊角镇'),(10042,1,4,129,'长坝镇'),(10043,1,4,129,'白云乡'),(10044,1,4,129,'沧沟乡'),(10045,1,4,129,'凤来乡'),(10046,1,4,129,'浩口乡'),(10047,1,4,129,'和顺乡'),(10048,1,4,129,'后坪乡'),(10049,1,4,129,'黄莺乡'),(10050,1,4,129,'接龙乡'),(10051,1,4,129,'庙垭乡'),(10052,1,4,129,'石桥乡'),(10053,1,4,129,'双河乡'),(10054,1,4,129,'铁矿乡'),(10055,1,4,129,'土地乡'),(10056,1,4,129,'文复乡'),(10057,1,4,129,'赵家乡'),(10059,1,4,130,'南天湖镇'),(10060,1,4,130,'许明寺镇'),(10061,1,4,130,'包鸾镇'),(10062,1,4,130,'董家镇'),(10063,1,4,130,'高家镇'),(10064,1,4,130,'虎威镇'),(10065,1,4,130,'江池镇'),(10066,1,4,130,'龙河镇'),(10067,1,4,130,'名山镇'),(10068,1,4,130,'三元镇'),(10069,1,4,130,'社坛镇'),(10070,1,4,130,'十直镇'),(10071,1,4,130,'树人镇'),(10072,1,4,130,'双路镇'),(10073,1,4,130,'武平镇'),(10074,1,4,130,'兴义镇'),(10075,1,4,130,'湛普镇'),(10076,1,4,130,'镇江镇'),(10077,1,4,130,'太平坝乡'),(10078,1,4,130,'双龙场乡'),(10079,1,4,130,'保合乡'),(10080,1,4,130,'崇兴乡'),(10081,1,4,130,'都督乡'),(10082,1,4,130,'暨龙乡'),(10083,1,4,130,'栗子乡'),(10084,1,4,130,'龙孔乡'),(10085,1,4,130,'青龙乡'),(10086,1,4,130,'仁沙乡'),(10087,1,4,130,'三坝乡'),(10088,1,4,130,'三建乡'),(10091,1,4,133,'云阳镇'),(10092,1,4,133,'巴阳镇'),(10093,1,4,133,'凤鸣镇'),(10094,1,4,133,'高阳镇'),(10095,1,4,133,'故陵镇'),(10096,1,4,133,'红狮镇'),(10097,1,4,133,'黄石镇'),(10098,1,4,133,'江口镇'),(10099,1,4,133,'龙角镇'),(10100,1,4,133,'路阳镇'),(10101,1,4,133,'南溪镇'),(10102,1,4,133,'农坝镇'),(10103,1,4,133,'盘龙镇'),(10104,1,4,133,'平安镇'),(10105,1,4,133,'渠马镇'),(10106,1,4,133,'人和镇'),(10107,1,4,133,'桑坪镇'),(10108,1,4,133,'沙市镇'),(10109,1,4,133,'双土镇'),(10110,1,4,133,'鱼泉镇'),(10111,1,4,133,'云安镇'),(10112,1,4,133,'洞鹿乡'),(10113,1,4,133,'后叶乡'),(10114,1,4,133,'龙洞乡'),(10115,1,4,133,'毛坝乡'),(10116,1,4,133,'泥溪乡'),(10117,1,4,133,'票草乡'),(10118,1,4,133,'普安乡'),(10119,1,4,133,'栖霞乡'),(10120,1,4,133,'清水乡'),(10121,1,4,133,'上坝乡'),(10122,1,4,133,'石门乡'),(10123,1,4,133,'双龙乡'),(10124,1,4,133,'水口乡'),(10125,1,4,133,'外郎乡'),(10126,1,4,133,'新津乡'),(10127,1,4,133,'堰坪乡'),(10128,1,4,133,'养鹿乡'),(10129,1,4,133,'耀灵乡'),(10130,1,4,133,'云硐乡'),(10131,1,4,134,'忠州镇'),(10132,1,4,134,'拔山镇'),(10133,1,4,134,'白石镇'),(10134,1,4,134,'东溪镇'),(10135,1,4,134,'复兴镇'),(10136,1,4,134,'官坝镇'),(10137,1,4,134,'花桥镇'),(10138,1,4,134,'黄金镇'),(10139,1,4,134,'金鸡镇'),(10140,1,4,134,'马灌镇'),(10141,1,4,134,'任家镇'),(10142,1,4,134,'汝溪镇'),(10143,1,4,134,'三汇镇'),(10144,1,4,134,'石宝镇'),(10145,1,4,134,'石黄镇'),(10146,1,4,134,'双桂镇'),(10147,1,4,134,'乌杨镇'),(10148,1,4,134,'新生镇'),(10149,1,4,134,'洋渡镇'),(10150,1,4,134,'野鹤镇'),(10151,1,4,134,'永丰镇'),(10152,1,4,134,'金声乡'),(10153,1,4,134,'磨子乡'),(10154,1,4,134,'善广乡'),(10155,1,4,134,'石子乡'),(10156,1,4,134,'涂井乡'),(10157,1,4,134,'兴峰乡'),(10158,1,4,135,'城厢镇'),(10159,1,4,135,'凤凰镇'),(10160,1,4,135,'古路镇'),(10161,1,4,135,'尖山镇'),(10162,1,4,135,'宁厂镇'),(10163,1,4,135,'上磺镇'),(10164,1,4,135,'文峰镇'),(10165,1,4,135,'下堡镇'),(10166,1,4,135,'徐家镇'),(10167,1,4,135,'朝阳洞乡'),(10168,1,4,135,'大河乡'),(10169,1,4,135,'峰灵乡'),(10170,1,4,135,'花台乡'),(10171,1,4,135,'兰英乡'),(10172,1,4,135,'菱角乡'),(10173,1,4,135,'蒲莲乡'),(10174,1,4,135,'胜利乡'),(10175,1,4,135,'双阳乡'),(10176,1,4,135,'塘坊乡'),(10177,1,4,135,'天星乡'),(10178,1,4,135,'天元乡'),(10179,1,4,135,'田坝乡'),(10180,1,4,135,'通城乡'),(10181,1,4,135,'土城乡'),(10182,1,4,135,'乌龙乡'),(10183,1,4,135,'鱼鳞乡'),(10184,1,4,135,'长桂乡'),(10185,1,4,135,'中岗乡'),(10186,1,4,135,'中梁乡'),(10187,1,4,136,'巫峡镇'),(10188,1,4,136,'大昌镇'),(10189,1,4,136,'福田镇'),(10190,1,4,136,'官渡镇'),(10191,1,4,136,'官阳镇'),(10192,1,4,136,'龙溪镇'),(10193,1,4,136,'骡坪镇'),(10194,1,4,136,'庙堂乡'),(10195,1,4,136,'庙宇镇'),(10196,1,4,136,'双龙镇'),(10197,1,4,136,'铜鼓镇'),(10198,1,4,136,'抱龙镇'),(10199,1,4,136,'大溪乡'),(10200,1,4,136,'当阳乡'),(10201,1,4,136,'邓家乡'),(10202,1,4,136,'笃坪乡'),(10203,1,4,136,'红椿乡'),(10204,1,4,136,'建平乡'),(10205,1,4,136,'金坪乡'),(10206,1,4,136,'两坪乡'),(10207,1,4,136,'龙井乡'),(10208,1,4,136,'培石乡'),(10209,1,4,136,'平河乡'),(10210,1,4,136,'曲尺乡'),(10211,1,4,136,'三溪乡'),(10212,1,4,136,'竹贤乡'),(10213,1,4,137,'南宾镇'),(10214,1,4,137,'黄水镇'),(10215,1,4,137,'临溪镇'),(10216,1,4,137,'龙沙镇'),(10217,1,4,137,'马武镇'),(10218,1,4,137,'沙子镇'),(10219,1,4,137,'王场镇'),(10220,1,4,137,'西沱镇'),(10221,1,4,137,'下路镇'),(10222,1,4,137,'沿溪镇'),(10223,1,4,137,'渔池镇'),(10224,1,4,137,'悦崃镇'),(10225,1,4,137,'大歇乡'),(10226,1,4,137,'枫木乡'),(10227,1,4,137,'河嘴乡'),(10228,1,4,137,'黄鹤乡'),(10229,1,4,137,'金铃乡'),(10230,1,4,137,'金竹乡'),(10231,1,4,137,'冷水乡'),(10232,1,4,137,'黎场乡'),(10233,1,4,137,'六塘乡'),(10234,1,4,137,'龙潭乡'),(10235,1,4,137,'桥头乡'),(10236,1,4,137,'三河乡'),(10237,1,4,137,'三益乡'),(10238,1,4,137,'石家乡'),(10239,1,4,137,'万朝乡'),(10240,1,4,137,'王家乡'),(10241,1,4,137,'洗新乡'),(10242,1,4,137,'新乐乡'),(10243,1,4,137,'中益乡'),(10245,1,4,138,'保家镇'),(10246,1,4,138,'高谷镇'),(10247,1,4,138,'黄家镇'),(10248,1,4,138,'连湖镇'),(10249,1,4,138,'龙射镇'),(10250,1,4,138,'鹿角镇'),(10251,1,4,138,'普子镇'),(10252,1,4,138,'桑柘镇'),(10253,1,4,138,'万足镇'),(10254,1,4,138,'郁山镇'),(10255,1,4,138,'梅子垭乡'),(10256,1,4,138,'鞍子乡'),(10257,1,4,138,'大垭乡'),(10258,1,4,138,'棣棠乡'),(10259,1,4,138,'靛水乡'),(10260,1,4,138,'朗溪乡'),(10261,1,4,138,'联合乡'),(10262,1,4,138,'龙塘乡'),(10263,1,4,138,'龙溪乡'),(10264,1,4,138,'芦塘乡'),(10265,1,4,138,'鹿鸣乡'),(10266,1,4,138,'平安乡'),(10267,1,4,138,'迁乔乡'),(10268,1,4,138,'乔梓乡'),(10269,1,4,138,'润溪乡'),(10270,1,4,138,'三义乡'),(10271,1,4,138,'善感乡'),(10272,1,4,138,'石柳乡'),(10273,1,4,138,'石盘乡'),(10274,1,4,138,'双龙乡'),(10275,1,4,138,'太原乡'),(10276,1,4,138,'桐楼乡'),(10277,1,4,138,'小厂乡'),(10278,1,4,138,'新田乡'),(10279,1,4,138,'岩东乡'),(10280,1,4,138,'长滩乡'),(10281,1,4,138,'诸佛乡'),(10282,1,4,138,'走马乡'),(10283,1,4,139,'桂溪镇'),(10284,1,4,139,'澄溪镇'),(10285,1,4,139,'高安镇'),(10286,1,4,139,'高峰镇'),(10287,1,4,139,'鹤游镇'),(10288,1,4,139,'普顺镇'),(10289,1,4,139,'沙坪镇'),(10290,1,4,139,'太平镇'),(10291,1,4,139,'五洞镇'),(10292,1,4,139,'新民镇'),(10293,1,4,139,'砚台镇'),(10294,1,4,139,'永安镇'),(10295,1,4,139,'周嘉镇'),(10296,1,4,139,'白家乡'),(10297,1,4,139,'包家乡'),(10298,1,4,139,'曹回乡'),(10299,1,4,139,'大石乡'),(10300,1,4,139,'杠家乡'),(10301,1,4,139,'黄沙乡'),(10302,1,4,139,'裴兴乡'),(10303,1,4,139,'三溪乡'),(10304,1,4,139,'沙河乡'),(10305,1,4,139,'永平乡'),(10306,1,4,139,'长龙乡'),(10307,1,4,140,'钟多镇'),(10308,1,4,140,'苍岭镇'),(10309,1,4,140,'车田乡'),(10310,1,4,140,'大溪镇'),(10311,1,4,140,'丁市镇'),(10312,1,4,140,'泔溪镇'),(10313,1,4,140,'龚滩镇'),(10314,1,4,140,'黑水镇'),(10315,1,4,140,'后溪镇'),(10316,1,4,140,'李溪镇'),(10317,1,4,140,'龙潭镇'),(10318,1,4,140,'麻旺镇'),(10319,1,4,140,'小河镇'),(10320,1,4,140,'兴隆镇'),(10321,1,4,140,'酉酬镇'),(10322,1,4,140,'南腰界乡'),(10323,1,4,140,'后坪坝乡'),(10324,1,4,140,'板溪乡'),(10325,1,4,140,'官清乡'),(10326,1,4,140,'花田乡'),(10327,1,4,140,'江丰乡'),(10328,1,4,140,'可大乡'),(10329,1,4,140,'浪坪乡'),(10330,1,4,140,'两罾乡'),(10331,1,4,140,'毛坝乡'),(10332,1,4,140,'庙溪乡'),(10333,1,4,140,'木叶乡'),(10334,1,4,140,'楠木乡'),(10335,1,4,140,'偏柏乡'),(10336,1,4,140,'清泉乡'),(10337,1,4,140,'双泉乡'),(10338,1,4,140,'天馆乡'),(10339,1,4,140,'铜鼓乡'),(10340,1,4,140,'涂市乡'),(10341,1,4,140,'万木乡'),(10342,1,4,140,'五福乡'),(10343,1,4,140,'宜居乡'),(10344,1,4,140,'腴地乡'),(10345,1,4,140,'板桥乡'),(10346,1,4,141,'清溪场镇'),(10347,1,4,141,'中和镇'),(10348,1,4,141,'隘口镇'),(10349,1,4,141,'峨溶镇'),(10350,1,4,141,'官庄镇'),(10351,1,4,141,'洪安镇'),(10352,1,4,141,'兰桥镇'),(10353,1,4,141,'龙池镇'),(10354,1,4,141,'梅江镇'),(10355,1,4,141,'平凯镇'),(10356,1,4,141,'溶溪镇'),(10357,1,4,141,'石堤镇'),(10358,1,4,141,'石耶镇'),(10359,1,4,141,'雅江镇'),(10360,1,4,141,'巴家乡'),(10361,1,4,141,'保安乡'),(10362,1,4,141,'岑溪乡'),(10363,1,4,141,'大溪乡'),(10364,1,4,141,'干川乡'),(10365,1,4,141,'膏田乡'),(10366,1,4,141,'官舟乡'),(10367,1,4,141,'海洋乡'),(10368,1,4,141,'里仁乡'),(10369,1,4,141,'妙泉乡'),(10370,1,4,141,'平马乡'),(10371,1,4,141,'宋农乡'),(10372,1,4,141,'溪口乡'),(10373,1,4,141,'孝溪乡'),(10374,1,4,141,'涌洞乡'),(10375,1,4,141,'中平乡'),(10376,1,4,141,'钟灵乡'),(10377,1,4,131,'永安镇'),(10378,1,4,131,'白帝镇'),(10379,1,4,131,'草堂镇'),(10380,1,4,131,'大树镇'),(10381,1,4,131,'汾河镇'),(10382,1,4,131,'公平镇'),(10383,1,4,131,'甲高镇'),(10384,1,4,131,'康乐镇'),(10385,1,4,131,'青龙镇'),(10386,1,4,131,'吐祥镇'),(10387,1,4,131,'新民镇'),(10388,1,4,131,'兴隆镇'),(10389,1,4,131,'羊市镇'),(10390,1,4,131,'朱衣镇'),(10391,1,4,131,'竹园镇'),(10392,1,4,131,'安坪乡'),(10393,1,4,131,'冯坪乡'),(10394,1,4,131,'鹤峰乡'),(10395,1,4,131,'红土乡'),(10396,1,4,131,'康坪乡'),(10397,1,4,131,'龙桥乡'),(10398,1,4,131,'平安乡'),(10399,1,4,131,'石岗乡'),(10400,1,4,131,'太和乡'),(10401,1,4,131,'五马乡'),(10402,1,4,131,'新政乡'),(10403,1,4,131,'岩湾乡'),(10404,1,4,131,'云雾乡'),(10405,1,4,131,'长安乡'),(10406,1,4,4164,'葛城镇'),(10407,1,4,4164,'巴山镇'),(10408,1,4,4164,'高观镇'),(10409,1,4,4164,'庙坝镇'),(10410,1,4,4164,'明通镇'),(10411,1,4,4164,'坪坝镇'),(10412,1,4,4164,'修齐镇'),(10413,1,4,4164,'北屏乡'),(10414,1,4,4164,'东安乡'),(10415,1,4,4164,'高楠乡'),(10416,1,4,4164,'高燕乡'),(10417,1,4,4164,'河鱼乡'),(10418,1,4,4164,'厚坪乡'),(10419,1,4,4164,'鸡鸣乡'),(10420,1,4,4164,'岚天乡'),(10421,1,4,4164,'蓼子乡'),(10422,1,4,4164,'龙田乡'),(10423,1,4,4164,'明中乡'),(10424,1,4,4164,'双河乡'),(10425,1,4,4164,'咸宜乡'),(10426,1,4,4164,'沿河乡'),(10427,1,4,4164,'治平乡'),(10428,1,4,4164,'周溪乡'),(10429,1,4,4164,'左岚乡'),(11432,1,10,793,'新林区'),(12746,1,23,3699,'畅好农场'),(12747,1,23,3115,'彬村山华侨农场'),(12748,1,23,3115,'东太农场'),(12749,1,23,3115,'东红农场'),(12750,1,23,3115,'东升农场'),(12751,1,23,3115,'南俸农场'),(12752,1,23,3034,'西培农场'),(12753,1,23,3034,'西联农场'),(12754,1,23,3034,'蓝洋农场'),(12755,1,23,3034,'八一农场'),(12756,1,23,3034,'西华农场'),(12757,1,23,3034,'西庆农场'),(12758,1,23,3034,'西流农场'),(12759,1,23,3034,'新盈农场'),(12760,1,23,3034,'龙山农场'),(12761,1,23,3034,'红岭农场'),(12762,1,23,3698,'公坡镇'),(12763,1,23,3698,'迈号镇'),(12764,1,23,3698,'清谰镇'),(12765,1,23,3698,'南阳镇'),(12766,1,23,3698,'新桥镇'),(12767,1,23,3698,'头苑镇'),(12768,1,23,3698,'宝芳乡'),(12769,1,23,3698,'龙马乡'),(12770,1,23,3698,'湖山乡'),(12771,1,23,3698,'东路农场'),(12772,1,23,3698,'南阳农场'),(12773,1,23,3698,'罗豆农场'),(12774,1,23,3698,'橡胶研究所'),(12775,1,23,3137,'六连林场'),(12776,1,23,3137,'东兴农场'),(12777,1,23,3137,'东和农场'),(12778,1,23,3137,'新中农场'),(12779,1,23,3137,'兴隆华侨农场'),(12780,1,23,3173,'广坝农场'),(12781,1,23,3173,'东方华侨农场'),(12782,1,23,3703,'金鸡岭农场'),(12783,1,23,3703,'中瑞农场'),(12784,1,23,3703,'南海农场'),(12785,1,23,3704,'中建农场'),(12786,1,23,3704,'中坤农场'),(12787,1,23,3702,'大丰镇'),(12788,1,23,3702,'红光农场'),(12789,1,23,3702,'西达农场'),(12790,1,23,3702,'金安农场'),(12791,1,23,3701,'红华农场'),(12792,1,23,3701,'加来农场'),(12793,1,23,3706,'白沙农场'),(12794,1,23,3706,'龙江农场'),(12795,1,23,3706,'邦溪农场'),(12796,1,23,3705,'七叉镇'),(12797,1,23,3705,'王下乡'),(12798,1,23,3705,'海南矿业公司'),(12799,1,23,3705,'霸王岭林场'),(12800,1,23,3705,'红林农场'),(12801,1,23,3710,'尖峰岭林业公司'),(12802,1,23,3710,'莺歌海盐场'),(12803,1,23,3710,'山荣农场'),(12804,1,23,3710,'乐光农场'),(12805,1,23,3710,'保国农场'),(12806,1,23,3708,'吊罗山林业公司'),(12807,1,23,3708,'岭门农场'),(12808,1,23,3708,'南平农场'),(12809,1,23,3709,'保亭研究所'),(12810,1,23,3709,'新星农场'),(12811,1,23,3709,'金江农场'),(12812,1,23,3709,'三道农场'),(12813,1,23,3707,'吊罗山乡'),(12814,1,23,3707,'黎母山林业公司'),(12815,1,23,3707,'阳江农场'),(12816,1,23,3707,'乌石农场'),(12817,1,23,3707,'加钗农场'),(12818,1,23,3707,'长征农场'),(12819,1,23,3711,'中沙群岛'),(12824,1,23,3034,'热作学院'),(13520,1,4,126,'龙滩子镇'),(13521,1,4,126,'龙水镇'),(13522,1,4,126,'智凤镇'),(13523,1,4,126,'宝顶镇'),(13524,1,4,126,'中敖镇'),(13525,1,4,126,'三驱镇'),(13526,1,4,126,'宝兴镇'),(13527,1,4,126,'玉龙镇'),(13528,1,4,126,'石马镇'),(13529,1,4,126,'拾万镇'),(13530,1,4,126,'回龙镇'),(13531,1,4,126,'金山镇'),(13532,1,4,126,'万古镇'),(13533,1,4,126,'国梁镇'),(13534,1,4,126,'雍溪镇'),(13535,1,4,126,'珠溪镇'),(13536,1,4,126,'龙石镇'),(13537,1,4,126,'邮亭镇'),(13538,1,4,126,'铁山镇'),(13539,1,4,126,'高升镇'),(13540,1,4,126,'季家镇'),(13541,1,4,126,'古龙镇'),(13542,1,4,126,'高坪镇'),(13543,1,4,126,'双路镇'),(13544,1,4,126,'通桥镇'),(13989,1,12,984,'江阴市'),(14848,1,31,2666,'和田县'),(15943,1,12,984,'宜兴市'),(15944,1,15,1255,'柯桥区'),(15947,1,31,15946,'图木舒克市'),(15948,1,31,15945,'阿拉尔市'),(16899,1,28,2509,'长城区'),(16923,1,28,2509,'镜铁区'),(18317,1,21,1836,'安源区'),(18374,1,11,870,'康巴什新区'),(18375,1,14,1140,'大观区'),(18376,1,14,1140,'宜秀区'),(18377,1,14,1140,'迎江区'),(18549,1,14,1132,'淮上区'),(18550,1,14,1132,'龙子湖区'),(18551,1,14,1132,'禹会区'),(18627,1,14,1174,'谯城区'),(18714,1,14,1201,'贵池区'),(18715,1,14,1159,'琅琊区'),(18716,1,14,1159,'天长市'),(18912,1,14,1206,'金安区'),(18913,1,14,1206,'裕安区'),(19158,1,14,1167,'颍泉区'),(19159,1,14,1167,'颍州区'),(19160,1,14,1167,'颍东区'),(19223,1,14,1124,'杜集区'),(19224,1,14,1124,'烈山区'),(19225,1,14,1124,'濉溪县'),(19226,1,14,1124,'相山区'),(19227,1,14,1151,'徽州区'),(19228,1,14,1151,'屯溪区'),(19377,1,19,1677,'赤坎区'),(19378,1,19,1677,'霞山区'),(19379,1,19,1677,'经济技术开发区'),(19380,1,19,1677,'麻章区'),(19381,1,19,1677,'遂溪县'),(19382,1,19,1677,'廉江市'),(19465,1,19,1684,'茂南区'),(19466,1,19,1684,'电白县'),(19467,1,19,1684,'高州市'),(19468,1,19,1684,'化州市'),(19469,1,19,1684,'茂港区'),(19575,1,14,1180,'埇桥区'),(19684,1,14,2971,'宣州区'),(19784,1,14,1114,'郊区'),(19786,1,14,1114,'义安区'),(19827,1,19,1672,'江城区'),(19828,1,19,1672,'阳东县'),(19829,1,19,1698,'云城区'),(19830,1,19,1698,'罗定市'),(19915,1,4,134,'新立镇'),(19916,1,19,1611,'龙湖区'),(19917,1,19,1611,'金平区'),(19918,1,19,1611,'澄海区'),(19919,1,19,1611,'潮阳区'),(19920,1,19,1611,'潮南区'),(19921,1,19,1611,'濠江区'),(19991,1,19,1705,'湘桥区'),(19992,1,19,1705,'潮安县'),(20051,1,19,1650,'城区'),(20052,1,19,1650,'陆丰市'),(20093,1,19,1709,'榕城区'),(20094,1,19,1709,'揭东县'),(20171,1,8,593,'元宝区'),(20172,1,8,593,'振兴区'),(20173,1,8,593,'振安区'),(20174,1,8,593,'东港市'),(20175,1,8,593,'凤城市'),(20183,1,8,609,'鲅鱼圈区'),(20348,1,8,632,'双塔区'),(20524,1,8,604,'连山区'),(20525,1,8,604,'兴城市'),(20658,1,8,617,'海州区'),(20659,1,8,617,'太平区'),(20660,1,8,617,'细河区'),(20661,1,8,613,'兴隆台区'),(20662,1,8,613,'双台子区'),(20817,1,25,2336,'楚雄市'),(20818,1,25,2347,'大理市'),(21033,1,25,2304,'古城区'),(21034,1,25,2247,'麒麟区'),(21035,1,24,2155,'红花岗区'),(21036,1,24,2155,'汇川区'),(21037,1,24,2144,'云岩区'),(21038,1,24,2144,'花溪区'),(21039,1,24,2144,'小河区'),(21644,1,28,2501,'麦积区'),(21645,1,28,2501,'秦州区'),(21646,1,28,2487,'七里河区'),(21647,1,28,2487,'安宁区'),(21648,1,28,2487,'城关区'),(21649,1,30,2628,'兴庆区'),(21650,1,30,2628,'金凤区'),(21651,1,30,2628,'西夏区'),(21652,1,29,2580,'城中区'),(21653,1,29,2580,'城东区'),(21654,1,29,2580,'城西区'),(21655,1,29,2580,'城北区'),(22043,1,15,1280,'莲都区'),(22044,1,15,1273,'柯城区'),(22045,1,15,1273,'衢江区'),(22046,1,15,1290,'黄岩区'),(22047,1,15,1290,'椒江区'),(22048,1,15,1290,'路桥区'),(22049,1,15,1290,'温岭市'),(22050,1,15,1290,'玉环县'),(22463,1,16,1317,'梅列区'),(22464,1,16,1317,'三元区'),(22465,1,16,1352,'延平区'),(22466,1,23,2121,'秀英区'),(22467,1,23,2121,'龙华区'),(22468,1,23,2121,'琼山区'),(22469,1,23,2121,'美兰区'),(22470,1,23,3690,'河西区'),(22471,1,23,3690,'河东区'),(22503,1,23,3690,'南田农场'),(22504,1,23,3690,'南新农场'),(22505,1,23,3690,'南岛农场'),(22506,1,23,3690,'立才农场'),(22507,1,23,3690,'南滨农场'),(22846,1,3,51046,'杨村镇、下朱庄内'),(22847,1,3,51046,'其它地区'),(22848,1,3,51051,'城关镇、马家店开发区、天宝工业园'),(22849,1,3,51051,'其它地区'),(22850,1,20,1792,'平桂管理区'),(22851,1,20,1746,'海城区'),(22852,1,20,1746,'银海区'),(22883,1,20,1726,'秀峰区'),(22884,1,20,1726,'叠彩区'),(22885,1,20,1726,'七星区'),(22906,1,20,1720,'鱼峰区'),(22907,1,20,1720,'城中区'),(22908,1,20,1720,'柳南区'),(22909,1,20,1720,'柳北区'),(23037,1,20,1740,'万秀区'),(23038,1,20,1740,'蝶山区'),(23039,1,20,1740,'长洲区'),(23040,1,20,1792,'八步区'),(23282,1,17,1396,'樊城区'),(23283,1,17,1396,'襄城区'),(23284,1,17,1396,'襄州区'),(23429,1,17,1405,'茅箭区'),(23430,1,17,1405,'张湾区'),(23585,1,17,2922,'园林'),(23586,1,17,2922,'杨市'),(23587,1,17,2922,'周矶'),(23588,1,17,2922,'广华'),(23589,1,17,2922,'泰丰'),(23590,1,17,2922,'竹根滩镇'),(23591,1,17,2922,'高石碑镇'),(23592,1,17,2922,'积玉口镇'),(23593,1,17,2922,'渔洋镇'),(23594,1,17,2922,'王场镇'),(23595,1,17,2922,'熊口镇'),(23596,1,17,2922,'老新镇'),(23597,1,17,2922,'浩口镇'),(23598,1,17,2922,'张金镇'),(23599,1,17,2922,'龙湾镇'),(23600,1,17,2922,'江汉石油管理局'),(23601,1,17,2922,'潜江经济开发区'),(23602,1,17,2922,'西大垸管理区'),(23603,1,17,2922,'运粮湖管理区'),(23604,1,17,2922,'周矶管理区'),(23605,1,17,2922,'后湖管理区'),(23606,1,17,2922,'熊口管理区'),(23607,1,17,2922,'总口管理区'),(23608,1,17,2922,'高场原种场'),(23609,1,17,2922,'浩口原种场'),(23610,1,17,3154,'松柏镇'),(23611,1,17,3154,'阳日镇'),(23612,1,17,3154,'木鱼镇'),(23613,1,17,3154,'红坪镇'),(23614,1,17,3154,'新华镇'),(23615,1,17,3154,'宋洛乡'),(23616,1,17,3154,'九湖乡'),(23617,1,17,3154,'下谷坪乡'),(23618,1,17,2980,'侨乡街道开发区'),(23619,1,17,2980,'竟陵街道'),(23620,1,17,2980,'杨林街道'),(23621,1,17,2980,'佛子山镇'),(23622,1,17,2980,'多宝镇'),(23623,1,17,2980,'拖市镇'),(23624,1,17,2980,'张港镇'),(23625,1,17,2980,'蒋场镇'),(23626,1,17,2980,'汪场镇'),(23627,1,17,2980,'渔薪镇'),(23628,1,17,2980,'黄潭镇'),(23629,1,17,2980,'岳口镇'),(23630,1,17,2980,'横林镇'),(23631,1,17,2980,'彭市镇'),(23632,1,17,2980,'麻洋镇'),(23633,1,17,2980,'多祥镇'),(23634,1,17,2980,'干驿镇'),(23635,1,17,2980,'马湾镇'),(23636,1,17,2980,'卢市镇'),(23637,1,17,2980,'小板镇'),(23638,1,17,2980,'九真镇'),(23639,1,17,2980,'皂市镇'),(23640,1,17,2980,'胡市镇'),(23641,1,17,2980,'石河镇'),(23642,1,17,2980,'净潭乡'),(23643,1,17,2980,'蒋湖农场'),(23644,1,17,2980,'白茅湖农场'),(23645,1,17,2980,'沉湖管委会'),(23649,1,17,2983,'郑场镇'),(23650,1,17,2983,'毛嘴镇'),(23651,1,17,2983,'豆河镇'),(23652,1,17,2983,'三伏潭镇'),(23653,1,17,2983,'胡场镇'),(23654,1,17,2983,'长埫口镇'),(23655,1,17,2983,'西流河镇'),(23656,1,17,2983,'沙湖镇'),(23657,1,17,2983,'杨林尾镇'),(23658,1,17,2983,'彭场镇'),(23659,1,17,2983,'张沟镇'),(23660,1,17,2983,'郭河镇'),(23661,1,17,2983,'沔城镇'),(23662,1,17,2983,'通海口镇'),(23663,1,17,2983,'陈场镇'),(23664,1,17,2983,'工业园区'),(23665,1,17,2983,'九合垸原种场'),(23666,1,17,2983,'沙湖原种场'),(23667,1,17,2983,'排湖渔场'),(23668,1,17,2983,'五湖渔场'),(23669,1,17,2983,'赵西垸林场'),(23670,1,17,2983,'刘家垸林场'),(23671,1,17,2983,'畜禽良种场'),(23672,1,3,51048,'汉沽区街里、汉沽开发区'),(23673,1,3,51048,'其它地区'),(23674,1,3,51052,'芦台镇、经济开发区、贸易开发区'),(23675,1,3,51052,'其它地区'),(23678,1,21,1845,'经济技术开发区'),(23679,1,21,1845,'八里湖新区'),(23680,1,21,1845,'庐山风景名胜区'),(23681,1,12,939,'射阳县'),(23682,1,12,939,'亭湖区'),(23683,1,12,939,'盐都区'),(23684,1,12,919,'海州区'),(23686,1,12,911,'鼓楼区'),(23687,1,12,911,'邳州市'),(23688,1,12,911,'泉山区'),(23689,1,12,911,'新沂市'),(23690,1,12,911,'云龙区'),(24069,1,9,644,'昌邑区'),(24070,1,9,644,'龙潭区'),(24071,1,9,644,'船营区'),(24072,1,9,644,'丰满区'),(24073,1,9,687,'延吉市'),(24074,1,9,664,'浑江区'),(24075,1,9,674,'宁江区'),(24076,1,9,674,'前郭县'),(24463,1,24,2144,'观山湖区'),(24946,1,21,1885,'临川区'),(24947,1,21,1832,'昌江区'),(25188,1,20,1761,'玉州区'),(25189,1,20,1753,'钦南区'),(25190,1,20,1749,'防城区'),(25191,1,20,1749,'港口区'),(25192,1,20,1757,'港南区'),(25193,1,20,1757,'港北区'),(25481,1,21,1845,'庐山区'),(25482,1,21,1845,'浔阳区'),(25704,1,3,51047,'咸水沽镇、海河教育园，海河科技园'),(25708,1,3,51044,'全境'),(25711,1,3,51045,'其它地区'),(25712,1,3,51045,'杨柳青,中北,精武,大寺镇,环外海泰及外环内'),(25713,1,13,2900,'邹城市'),(25714,1,13,2900,'市中区'),(25715,1,13,2900,'曲阜市'),(25728,1,13,2900,'高新区'),(25877,1,13,1090,'北海新区'),(25878,1,13,1090,'滨城区'),(25879,1,13,1060,'齐河县'),(25880,1,13,1081,'东昌府区'),(26449,1,21,1861,'信州区'),(26450,1,21,1861,'上饶县'),(26451,1,21,1911,'章贡区'),(26452,1,21,1874,'袁州区'),(26453,1,21,1898,'青原区'),(26454,1,21,1898,'吉州区'),(26455,1,21,1842,'渝水区'),(27497,1,25,2235,'呈贡区'),(27498,1,22,2070,'汶川县'),(27499,1,22,1977,'利州区'),(27500,1,22,2103,'西昌市'),(27502,1,22,1950,'东区'),(28920,1,13,1108,'东港区'),(28921,1,13,1032,'潍城区'),(28922,1,13,1032,'奎文区'),(28923,1,13,1032,'高新区'),(28924,1,13,1032,'寒亭区'),(28925,1,13,1032,'寿光市'),(28926,1,13,1053,'环翠区'),(28928,1,13,1053,'荣成市'),(28929,1,13,1053,'文登市'),(28930,1,13,1072,'兰山区'),(28931,1,13,1072,'河东区'),(28932,1,13,1022,'滕州市'),(29444,1,18,1488,'天元区'),(29445,1,18,1488,'石峰区'),(29446,1,18,1488,'芦淞区'),(29447,1,18,1488,'荷塘区'),(29448,1,18,1495,'雨湖区'),(29449,1,18,1495,'岳塘区'),(29450,1,18,1501,'蒸湘区'),(29451,1,18,1501,'石鼓区'),(29452,1,18,1501,'珠晖区'),(29453,1,18,1501,'雁峰区'),(29454,1,18,1560,'冷水滩区'),(29455,1,18,1574,'鹤城区'),(29456,1,18,1586,'娄星区'),(29457,1,18,1511,'大祥区'),(29458,1,18,1511,'双清区'),(29459,1,18,1511,'北塔区'),(29460,1,18,1522,'岳阳楼区'),(29461,1,18,1530,'鼎城区'),(29462,1,18,1530,'武陵区'),(29463,1,18,1555,'赫山区'),(29464,1,18,1555,'资阳区'),(29465,1,18,1544,'北湖区'),(29466,1,18,1544,'苏仙区'),(31523,1,27,2428,'宝塔区'),(31680,1,27,2454,'榆阳区'),(31864,1,27,2442,'汉台区'),(32060,1,4,139,'坪山镇'),(32061,1,6,309,'城区'),(32206,1,6,379,'尧都区'),(32360,1,6,398,'盐湖区'),(32505,1,6,3074,'城区'),(32652,1,11,799,'回民区'),(32653,1,11,799,'新城区'),(32769,1,11,902,'科尔沁区'),(32937,1,11,812,'红山区'),(33163,1,10,737,'鸡冠区'),(33269,1,10,765,'前进区'),(33270,1,10,765,'向阳区'),(33271,1,10,765,'东风区'),(33272,1,10,765,'郊区'),(33404,1,10,712,'建华区'),(33405,1,10,712,'龙沙区'),(33406,1,10,712,'铁锋区'),(34049,1,5,148,'丛台区'),(34050,1,5,148,'邯山区'),(34051,1,5,148,'复兴区'),(34052,1,5,148,'武安市'),(34298,1,5,224,'桥西区'),(34299,1,5,224,'桥东区'),(34544,1,1,2805,'五环到六环之间'),(34545,1,1,2805,'六环之外'),(34548,1,7,549,'平桥区'),(34549,1,7,549,'浉河区'),(34751,1,7,517,'睢阳区'),(34752,1,7,517,'梁园区'),(34926,1,7,527,'东新区'),(34927,1,7,527,'经济开发区'),(35108,1,7,527,'川汇区'),(35178,1,7,2780,'五龙口镇'),(35179,1,7,2780,'下冶镇'),(35180,1,7,2780,'轵城镇'),(35181,1,7,2780,'王屋镇'),(35182,1,7,2780,'思礼镇'),(35183,1,7,2780,'邵原镇'),(35184,1,7,2780,'坡头镇'),(35185,1,7,2780,'梨林镇'),(35186,1,7,2780,'克井镇'),(35187,1,7,2780,'大峪镇'),(35188,1,7,2780,'承留镇'),(35189,1,7,538,'驿城区'),(35470,1,7,468,'龙安区'),(35471,1,7,468,'殷都区'),(35472,1,7,468,'文峰区'),(35473,1,7,468,'开发区'),(35474,1,7,468,'北关区'),(35591,1,7,454,'淇滨区'),(35637,1,7,495,'湖滨区'),(35751,1,7,502,'卧龙区'),(35752,1,7,502,'宛城区'),(35965,1,7,438,'湛河区'),(35966,1,7,438,'卫东区'),(35967,1,7,438,'新华区'),(36102,1,19,1655,'东城区'),(36157,1,3,51042,'全境'),(36167,1,3,51050,'外环外双街镇，河北工大新校，屈店工业园'),(36168,1,3,51050,'外环外其它地区'),(36171,1,3,51047,'双港，辛庄'),(36172,1,3,51047,'其他地区'),(36173,1,14,1116,'肥西县'),(36174,1,19,1643,'惠阳区'),(36175,1,19,1643,'大亚湾区'),(36176,1,19,1643,'惠城区'),(36177,1,19,1643,'惠东县'),(36178,1,19,1643,'博罗县'),(36264,1,19,1666,'禅城区'),(36265,1,19,1666,'高明区'),(36266,1,19,1666,'三水区'),(36267,1,19,1666,'南海区'),(36315,1,22,2005,'翠屏区'),(36560,1,12,925,'清河区'),(36561,1,12,925,'淮阴区'),(36562,1,12,925,'清浦区'),(36563,1,12,925,'涟水县'),(36684,1,31,2652,'天山区'),(36685,1,31,2652,'新市区'),(36686,1,31,2652,'沙依巴克区'),(36687,1,31,2652,'水磨沟区'),(36780,1,6,303,'小店区'),(36781,1,6,303,'迎泽区'),(36782,1,6,303,'晋源区'),(36783,1,6,303,'万柏林区'),(36784,1,6,303,'尖草坪区'),(36785,1,6,303,'杏花岭区'),(36884,1,13,1025,'东营区'),(36936,1,22,2022,'南部县'),(36953,1,19,1601,'番禺区'),(36983,1,22,1993,'市中区'),(36984,1,22,1993,'峨眉山市'),(37258,1,19,1659,'台山市'),(37259,1,19,1659,'新会区'),(37260,1,19,1659,'鹤山市'),(37261,1,19,1659,'江海区'),(37262,1,19,1659,'蓬江区'),(37263,1,19,1659,'开平市'),(37264,1,19,1659,'恩平市'),(37371,1,7,446,'马村区'),(37372,1,7,446,'中站区'),(37456,1,7,458,'牧野区'),(37457,1,7,458,'红旗区'),(37458,1,7,458,'卫滨区'),(37581,1,8,579,'铁西区'),(37582,1,8,579,'千山区'),(37734,1,19,1704,'清城区'),(37735,1,19,1704,'英德市'),(37864,1,19,1627,'源城区'),(37865,1,19,1627,'东源县'),(37916,1,13,1007,'即墨市'),(37917,1,13,1007,'城阳区'),(37918,1,13,1007,'崂山区'),(37919,1,13,1007,'胶州市'),(37920,1,13,1007,'平度市'),(38094,1,27,2416,'临渭区'),(38251,1,11,805,'东河区'),(38252,1,11,805,'九原区'),(38253,1,11,805,'青山区'),(38254,1,11,805,'昆都仑区'),(38364,1,12,965,'如皋市'),(38365,1,12,965,'海门市'),(38366,1,12,965,'启东市'),(38517,1,12,972,'丹阳市'),(38518,1,12,972,'句容市'),(38573,1,22,1960,'江油市'),(38574,1,22,1960,'涪城区'),(38575,1,22,1960,'游仙区'),(38576,1,22,1960,'高新区'),(38577,1,22,1960,'经开区'),(38630,1,9,639,'朝阳区'),(38631,1,9,639,'南关区'),(38632,1,9,639,'宽城区'),(38633,1,9,639,'二道区'),(38634,1,9,639,'绿园区'),(38635,1,9,639,'净月区'),(38636,1,9,639,'汽车产业开发区'),(38637,1,9,639,'高新技术开发区'),(38638,1,9,639,'经济技术开发区'),(39010,1,22,1962,'广汉市'),(39011,1,22,1962,'什邡市'),(39012,1,22,1962,'旌阳区'),(39013,1,22,1962,'绵竹市'),(39014,1,22,1954,'江阳区'),(39015,1,22,1954,'龙马潭区'),(39461,1,19,1655,'黄江镇'),(39462,1,19,1655,'虎门镇'),(39620,1,3,51035,'全境'),(39628,1,12,988,'吴江区'),(39653,1,19,1657,'沙朗镇'),(39680,1,4,115,'县城内'),(39688,1,4,123,'县城内'),(39692,1,4,129,'县城内'),(39694,1,4,130,'县城内'),(39698,1,4,131,'县城内'),(39699,1,4,132,'县城内'),(39701,1,4,133,'县城内'),(39702,1,4,134,'县城内'),(39704,1,4,135,'县城内'),(39706,1,4,136,'县城内'),(39710,1,4,137,'县城内'),(39711,1,4,138,'县城内'),(39712,1,4,139,'县城内'),(39714,1,4,140,'县城内'),(39716,1,4,141,'县城内'),(39717,1,4,4164,'县城内'),(39723,1,19,1690,'四会市'),(39725,1,19,1690,'高要市'),(39884,1,23,3701,'城区'),(39886,1,23,3702,'城区'),(39887,1,23,3703,'城区'),(39889,1,23,3704,'县城内'),(39890,1,23,3705,'城区'),(39892,1,23,3706,'城区'),(39893,1,23,3707,'城区'),(39895,1,23,3708,'城区'),(39897,1,23,3710,'城区'),(40034,1,12,988,'吴中区'),(40035,1,12,984,'滨湖区'),(40152,1,19,1607,'龙岗区'),(40174,1,12,959,'姜堰区'),(40488,1,13,1000,'历城区'),(40489,1,13,1000,'天桥区'),(40490,1,13,1000,'槐荫区'),(40491,1,13,1000,'历下区'),(40492,1,13,1000,'市中区'),(40493,1,13,1000,'章丘市'),(40649,1,12,933,'宿迁经济开发区'),(40650,1,27,2390,'陈仓区'),(40846,1,21,1827,'青山湖区'),(40847,1,21,1827,'红谷滩新区'),(41028,1,22,2047,'雨城区'),(41029,1,22,2058,'东坡区'),(41341,1,8,589,'本溪县'),(41342,1,8,589,'平山区'),(41343,1,8,589,'溪湖区'),(41344,1,8,589,'明山区'),(41497,1,5,258,'路北区'),(41499,1,5,258,'路南区'),(41500,1,5,258,'迁安市'),(41502,1,5,258,'丰润区'),(41510,1,5,275,'桃城区'),(41653,1,19,1609,'斗门区'),(41654,1,19,1609,'金湾区'),(41655,1,19,1609,'香洲区'),(41907,1,17,1475,'鄂城区'),(41908,1,17,1441,'黄州区'),(41909,1,17,1441,'蕲春县'),(41910,1,17,1441,'麻城市'),(41911,1,17,1441,'武穴市'),(41912,1,17,1441,'浠水县'),(42218,1,12,951,'仪征市'),(42219,1,12,951,'高邮市'),(42220,1,12,951,'江都区'),(42321,1,15,1233,'瑞安市'),(42322,1,15,1233,'乐清市'),(42323,1,15,1233,'鹿城区'),(42324,1,15,1233,'瓯海区'),(42325,1,15,1233,'永嘉县'),(42540,1,5,142,'藁城市'),(42541,1,5,142,'鹿泉市'),(42542,1,5,142,'正定县'),(42543,1,5,142,'新华区'),(42544,1,5,142,'桥西区'),(42545,1,5,142,'桥东区'),(42546,1,5,142,'裕华区'),(42547,1,5,142,'长安区'),(42565,1,15,1298,'普陀区'),(42566,1,15,1298,'定海区'),(42930,1,16,1332,'鲤城区'),(42931,1,16,1332,'丰泽区'),(42932,1,16,1332,'晋江市'),(43114,1,20,1715,'良庆区'),(43115,1,20,1715,'江南区'),(43116,1,20,1715,'兴宁区'),(43117,1,20,1715,'青秀区'),(43118,1,20,1715,'西乡塘区'),(43224,1,22,1946,'大安区'),(43225,1,22,1946,'贡井区'),(43226,1,22,2022,'顺庆区'),(43227,1,22,2022,'高坪区'),(43228,1,22,2022,'嘉陵区'),(43229,1,22,2022,'西充县'),(43230,1,22,2022,'阆中市'),(43272,1,17,1387,'下陆区'),(43273,1,17,1387,'西塞山区'),(43291,1,17,1387,'经济技术开发区'),(43387,1,17,1458,'咸安区'),(43388,1,17,1458,'赤壁市'),(43963,1,8,621,'白塔区'),(43964,1,8,621,'文圣区'),(43965,1,8,621,'灯塔市'),(44027,1,8,6858,'调兵山市'),(44144,1,6,318,'城区'),(44145,1,6,336,'榆次区'),(44188,1,15,1255,'越城区'),(44189,1,15,1250,'吴兴区'),(44319,1,16,1362,'新罗区'),(44320,1,27,2402,'秦都区'),(44321,1,27,2402,'渭城区'),(44342,1,22,2065,'简阳市'),(44514,1,27,2402,'杨陵区'),(45215,1,17,1432,'孝南区'),(45216,1,17,1432,'应城市'),(45217,1,17,1432,'安陆市'),(45531,1,7,427,'伊滨区'),(45532,1,7,427,'洛龙区'),(45533,1,7,420,'金明区'),(45534,1,7,420,'龙亭区'),(45535,1,7,420,'顺河区'),(45536,1,7,420,'鼓楼区'),(45537,1,7,420,'禹王台区'),(45814,1,10,698,'呼兰区'),(45815,1,10,698,'松北区'),(45816,1,10,698,'道里区'),(45817,1,10,698,'南岗区'),(45818,1,10,698,'道外区'),(45819,1,10,698,'香坊区'),(45820,1,10,698,'平房区'),(46145,1,16,1370,'蕉城区'),(46146,1,16,1329,'城厢区'),(46147,1,16,1329,'荔城区'),(46164,1,16,1370,'东侨开发区'),(46341,1,15,1158,'北仑区'),(46342,1,15,1158,'镇海区'),(46343,1,15,1158,'鄞州区'),(46344,1,15,1158,'江北区'),(46345,1,15,1158,'余姚市'),(46504,1,13,1042,'福山区'),(46505,1,13,1042,'牟平区'),(46506,1,13,1042,'龙口市'),(46507,1,13,1042,'莱州市'),(46665,1,13,1112,'岱岳区'),(46666,1,13,1112,'泰山区'),(46667,1,13,1112,'肥城市'),(46668,1,13,1112,'新泰市'),(46763,1,16,1315,'海沧区'),(46764,1,16,1315,'集美区'),(46765,1,16,1315,'同安区'),(46820,1,7,412,'新郑市'),(46821,1,7,412,'巩义市'),(46822,1,7,412,'荥阳市'),(46823,1,7,412,'中牟县'),(46824,1,8,573,'金州区'),(46825,1,8,573,'旅顺口区'),(47166,1,13,1016,'张店区'),(47213,1,5,199,'涿州市'),(47214,1,5,199,'定州市'),(47215,1,5,199,'徐水县'),(47216,1,5,199,'高碑店市'),(47300,1,7,412,'经济开发区'),(47301,1,7,412,'高新技术开发区'),(47387,1,19,1607,'盐田区'),(47388,1,19,1607,'龙华新区'),(47712,1,5,164,'桥西区'),(47713,1,5,164,'桥东区'),(47821,1,12,988,'昆山市'),(48134,1,4,48133,'县城内'),(48138,1,4,48133,'土桥镇'),(48139,1,4,48133,'二坪镇'),(48140,1,4,48133,'水口镇'),(48141,1,4,48133,'安居镇'),(48142,1,4,48133,'白羊镇'),(48143,1,4,48133,'平滩镇'),(48144,1,4,48133,'石鱼镇'),(48145,1,4,48133,'福果镇'),(48146,1,4,48133,'维新镇'),(48147,1,4,48133,'高楼镇'),(48148,1,4,48133,'大庙镇'),(48149,1,4,48133,'围龙镇'),(48150,1,4,48133,'华兴镇'),(48151,1,4,48133,'永嘉镇'),(48152,1,4,48133,'安溪镇'),(48153,1,4,48133,'西河镇'),(48154,1,4,48133,'太平镇'),(48155,1,4,48133,'旧县镇'),(48156,1,4,48133,'虎峰镇'),(48157,1,4,48133,'少云镇'),(48158,1,4,48133,'蒲吕镇'),(48159,1,4,48133,'侣俸镇'),(48160,1,4,48133,'小林乡'),(48161,1,4,48133,'双山乡'),(48162,1,4,48133,'庆隆乡'),(48163,1,4,48132,'县城内'),(48166,1,4,48132,'广顺镇'),(48167,1,4,48132,'安富镇'),(48168,1,4,48132,'峰高镇'),(48169,1,4,48132,'双河镇'),(48170,1,4,48132,'直升镇'),(48171,1,4,48132,'路孔镇'),(48172,1,4,48132,'清江镇'),(48173,1,4,48132,'仁义镇'),(48174,1,4,48132,'河包镇'),(48175,1,4,48132,'古昌镇'),(48176,1,4,48132,'吴家镇'),(48177,1,4,48132,'观胜镇'),(48178,1,4,48132,'铜鼓镇'),(48179,1,4,48132,'清流镇'),(48180,1,4,48132,'盘龙镇'),(48181,1,4,48132,'远觉镇'),(48182,1,4,48132,'清升镇'),(48183,1,4,48132,'荣隆镇'),(48184,1,4,48132,'龙集镇'),(48185,1,4,48131,'县城内'),(48188,1,4,48131,'青杠镇'),(48189,1,4,48131,'来凤镇'),(48190,1,4,48131,'丁家镇'),(48191,1,4,48131,'大路镇'),(48192,1,4,48131,'八塘镇'),(48193,1,4,48131,'七塘镇'),(48194,1,4,48131,'河边镇'),(48195,1,4,48131,'福禄镇'),(48196,1,4,48131,'大兴镇'),(48197,1,4,48131,'正兴镇'),(48198,1,4,48131,'广普镇'),(48199,1,4,48131,'三合镇'),(48200,1,4,48131,'健龙镇'),(48213,1,4,48204,'四面山镇'),(48214,1,4,48204,'支坪镇'),(48215,1,4,48204,'白沙镇'),(48216,1,4,48204,'珞璜镇'),(48217,1,4,48204,'柏林镇'),(48218,1,4,48204,'蔡家镇'),(48219,1,4,48204,'慈云镇'),(48220,1,4,48204,'杜市镇'),(48221,1,4,48204,'广兴镇'),(48222,1,4,48204,'嘉平镇'),(48223,1,4,48204,'贾嗣镇'),(48224,1,4,48204,'李市镇'),(48225,1,4,48204,'龙华镇'),(48226,1,4,48204,'石蟆镇'),(48227,1,4,48204,'石门镇'),(48228,1,4,48204,'塘河镇'),(48229,1,4,48204,'吴滩镇'),(48230,1,4,48204,'西湖镇'),(48231,1,4,48204,'夏坝镇'),(48232,1,4,48204,'先锋镇'),(48233,1,4,48204,'永兴镇'),(48234,1,4,48204,'油溪镇'),(48235,1,4,48204,'中山镇'),(48236,1,4,48204,'朱杨镇'),(48240,1,4,48203,'东阳镇'),(48242,1,4,48203,'蔡家岗镇'),(48243,1,4,48203,'童家溪镇'),(48244,1,4,48203,'施家梁镇'),(48245,1,4,48203,'金刀峡镇'),(48246,1,4,48203,'澄江镇'),(48247,1,4,48203,'水土镇'),(48248,1,4,48203,'歇马镇'),(48249,1,4,48203,'天府镇'),(48250,1,4,48203,'复兴镇'),(48251,1,4,48203,'静观镇'),(48252,1,4,48203,'柳荫镇'),(48253,1,4,48203,'三圣镇'),(48257,1,4,48207,'双竹镇'),(48258,1,4,48207,'三教镇'),(48259,1,4,48207,'大安镇'),(48260,1,4,48207,'陈食镇'),(48261,1,4,48207,'板桥镇'),(48262,1,4,48207,'宝峰镇'),(48263,1,4,48207,'临江镇'),(48264,1,4,48207,'红炉镇'),(48265,1,4,48207,'吉安镇'),(48266,1,4,48207,'金龙镇'),(48267,1,4,48207,'来苏镇'),(48268,1,4,48207,'青峰镇'),(48270,1,4,48207,'双石镇'),(48271,1,4,48207,'松溉镇'),(48272,1,4,48207,'五间镇'),(48273,1,4,48207,'仙龙镇'),(48274,1,4,48207,'永荣镇'),(48275,1,4,48207,'朱沱镇'),(48276,1,4,48207,'何埂镇'),(48281,1,4,48206,'长寿湖镇'),(48282,1,4,48206,'邻封镇'),(48283,1,4,48206,'但渡镇'),(48284,1,4,48206,'云集镇'),(48285,1,4,48206,'双龙镇'),(48286,1,4,48206,'龙河镇'),(48287,1,4,48206,'石堰镇'),(48288,1,4,48206,'云台镇'),(48289,1,4,48206,'海棠镇'),(48290,1,4,48206,'葛兰镇'),(48291,1,4,48206,'新市镇'),(48292,1,4,48206,'八颗镇'),(48293,1,4,48206,'洪湖镇'),(48294,1,4,48206,'万顺镇'),(48298,1,4,48201,'草街镇'),(48299,1,4,48201,'盐井镇'),(48300,1,4,48201,'云门镇'),(48301,1,4,48201,'大石镇'),(48302,1,4,48201,'沙鱼镇'),(48303,1,4,48201,'官渡镇'),(48304,1,4,48201,'涞滩镇'),(48305,1,4,48201,'肖家镇'),(48306,1,4,48201,'古楼镇'),(48307,1,4,48201,'三庙镇'),(48308,1,4,48201,'二郎镇'),(48309,1,4,48201,'龙凤镇'),(48310,1,4,48201,'隆兴镇'),(48311,1,4,48201,'铜溪镇'),(48312,1,4,48201,'双凤镇'),(48313,1,4,48201,'狮滩镇'),(48314,1,4,48201,'清平镇'),(48315,1,4,48201,'土场镇'),(48316,1,4,48201,'小沔镇'),(48317,1,4,48201,'三汇镇'),(48318,1,4,48201,'香龙镇'),(48319,1,4,48201,'钱塘镇'),(48320,1,4,48201,'龙市镇'),(48321,1,4,48201,'燕窝镇'),(48322,1,4,48201,'太和镇'),(48323,1,4,48201,'渭沱镇'),(48324,1,4,48201,'双槐镇'),(48332,1,4,48205,'礼嘉镇'),(48337,1,4,48205,'两路镇'),(48338,1,4,48205,'王家镇'),(48339,1,4,48205,'悦来镇'),(48340,1,4,48205,'玉峰山镇'),(48341,1,4,48205,'茨竹镇'),(48342,1,4,48205,'大盛镇'),(48343,1,4,48205,'大塆镇'),(48344,1,4,48205,'古路镇'),(48345,1,4,48205,'龙兴镇'),(48346,1,4,48205,'洛碛镇'),(48347,1,4,48205,'木耳镇'),(48348,1,4,48205,'石船镇'),(48349,1,4,48205,'统景镇'),(48350,1,4,48205,'兴隆镇'),(48355,1,4,48202,'南泉镇'),(48356,1,4,48202,'一品镇'),(48357,1,4,48202,'南彭镇'),(48358,1,4,48202,'惠民镇'),(48359,1,4,48202,'麻柳嘴镇'),(48360,1,4,48202,'天星寺镇'),(48361,1,4,48202,'双河口镇'),(48362,1,4,48202,'界石镇'),(48363,1,4,48202,'安澜镇'),(48364,1,4,48202,'跳石镇'),(48365,1,4,48202,'木洞镇'),(48366,1,4,48202,'丰盛镇'),(48367,1,4,48202,'二圣镇'),(48368,1,4,48202,'东泉镇'),(48369,1,4,48202,'姜家镇'),(48370,1,4,48202,'接龙镇'),(48371,1,4,48202,'石滩镇'),(48372,1,4,48202,'石龙镇'),(48377,1,5,248,'海港区'),(48378,1,5,248,'山海关区'),(48379,1,5,239,'双桥区'),(48712,1,16,1303,'晋安区'),(48713,1,16,1303,'仓山区'),(48714,1,16,1303,'马尾区'),(48715,1,16,1303,'福清市'),(48716,1,16,1303,'闽侯县'),(48936,1,18,1482,'岳麓区'),(48937,1,18,1482,'雨花区'),(48938,1,18,1482,'开福区'),(48939,1,18,1482,'天心区'),(48941,1,18,1482,'浏阳市'),(48942,1,18,1482,'长沙县'),(48943,1,18,1482,'宁乡县'),(49137,1,14,1127,'鸠江区'),(49138,1,14,1127,'三山区'),(49253,1,14,1137,'花山区'),(49254,1,14,1137,'雨山区'),(49314,1,22,1930,'新都区'),(49315,1,22,1930,'温江区'),(49316,1,22,1930,'龙泉驿区'),(49317,1,22,1930,'青白江区'),(49318,1,22,1930,'彭州市'),(49319,1,22,1930,'崇州市'),(49320,1,22,1930,'邛崃市'),(49321,1,22,1930,'都江堰市'),(49322,1,22,1930,'郫县'),(49323,1,22,1930,'新津县'),(49324,1,22,1930,'双流县'),(49325,1,22,1930,'大邑县'),(49326,1,22,1930,'蒲江县'),(49327,1,22,1930,'金堂县'),(49576,1,5,264,'运河区'),(49577,1,5,264,'新华区'),(49578,1,5,264,'任丘市'),(49579,1,5,264,'黄骅市'),(49707,1,5,274,'三河市'),(49708,1,5,274,'霸州市'),(49709,1,14,1116,'巢湖市'),(49710,1,14,1116,'长丰县'),(49711,1,15,1213,'临安市'),(50230,1,27,2376,'未央区'),(50231,1,27,2376,'长安区'),(50232,1,27,2376,'灞桥区'),(50233,1,27,2376,'碑林区'),(50235,1,27,2376,'莲湖区'),(50236,1,27,2376,'临潼区'),(50237,1,27,2376,'阎良区'),(50256,1,19,1601,'花都区'),(50257,1,19,1601,'萝岗区'),(50258,1,19,1601,'白云区'),(50259,1,19,1601,'南沙区'),(50283,1,19,1601,'黄埔区'),(50284,1,19,1601,'增城区'),(50285,1,19,1601,'从化区'),(50647,1,12,904,'浦口区'),(50712,1,17,1381,'蔡甸区'),(50713,1,17,1381,'江夏区'),(50714,1,17,1381,'新洲区'),(50715,1,17,1381,'黄陂区'),(50716,1,17,1381,'汉阳区'),(50717,1,17,1381,'青山区'),(50718,1,17,1381,'洪山区'),(50719,1,17,1381,'汉南区'),(50720,1,17,1381,'东西湖区'),(50779,1,2,2919,'堡镇'),(50780,1,2,2919,'庙镇'),(50781,1,2,2919,'陈家镇'),(50782,1,2,2919,'城桥镇'),(50783,1,2,2919,'东平镇'),(50784,1,2,2919,'港西镇'),(50785,1,2,2919,'港沿镇'),(50786,1,2,2919,'建设镇'),(50787,1,2,2919,'绿华镇'),(50788,1,2,2919,'三星镇'),(50789,1,2,2919,'竖新镇'),(50790,1,2,2919,'向化镇'),(50791,1,2,2919,'新海镇'),(50792,1,2,2919,'新河镇'),(50793,1,2,2919,'中兴镇'),(50794,1,2,2919,'长兴乡'),(50795,1,2,2919,'横沙乡'),(50796,1,2,2919,'新村乡'),(50819,1,8,560,'皇姑区'),(50820,1,8,560,'铁西区'),(50821,1,8,560,'大东区'),(50822,1,8,560,'沈河区'),(50823,1,8,560,'东陵区'),(50824,1,8,560,'于洪区'),(50825,1,8,560,'和平区'),(50826,1,8,560,'浑南新区'),(50827,1,8,560,'沈北新区'),(50944,1,22,1930,'青羊区'),(50945,1,22,1930,'锦江区'),(50946,1,22,1930,'金牛区'),(50947,1,22,1930,'武侯区'),(50948,1,22,1930,'成华区'),(50949,1,22,1930,'高新区'),(50955,1,4,51028,'全境'),(50956,1,4,51027,'全境'),(50957,1,4,50950,'寸滩镇'),(50958,1,4,50950,'郭家沱镇'),(50959,1,4,50950,'铁山坪镇'),(50960,1,4,50950,'鱼嘴镇'),(50961,1,4,50950,'复盛镇'),(50962,1,4,50950,'五宝镇'),(50963,1,4,50951,'茶园新区'),(50964,1,4,50951,'鸡冠石镇'),(50965,1,4,50951,'长生桥镇'),(50966,1,4,50951,'峡口镇'),(50967,1,4,50951,'广阳镇'),(50968,1,4,50951,'迎龙镇'),(50969,1,4,50952,'白市驿镇'),(50970,1,4,50952,'铜罐驿镇'),(50971,1,4,50952,'华岩镇'),(50972,1,4,50952,'巴福镇'),(50973,1,4,50952,'含谷镇'),(50974,1,4,50952,'金凤镇'),(50975,1,4,50952,'石板镇'),(50976,1,4,50952,'陶家镇'),(50977,1,4,50952,'西彭镇'),(50978,1,4,50952,'走马镇'),(50979,1,4,50953,'内环以内'),(50980,1,4,50953,'陈家桥镇'),(50981,1,4,50953,'歌乐山镇'),(50982,1,4,50953,'青木关镇'),(50983,1,4,50953,'回龙坝镇'),(50984,1,4,50953,'大学城'),(50985,1,4,50953,'虎溪镇'),(50986,1,4,50953,'西永镇'),(50987,1,4,50953,'土主镇'),(50988,1,4,50953,'井口镇'),(50989,1,4,50953,'曾家镇'),(50990,1,4,50953,'凤凰镇'),(50991,1,4,50953,'中梁镇'),(50992,1,4,50954,'茄子溪镇'),(50993,1,4,50954,'建胜镇'),(50994,1,4,50954,'跳磴镇'),(51000,1,4,50995,'三江镇'),(51001,1,4,50995,'安稳镇'),(51002,1,4,50995,'打通镇'),(51003,1,4,50995,'丁山镇'),(51004,1,4,50995,'东溪镇'),(51005,1,4,50995,'扶欢镇'),(51006,1,4,50995,'赶水镇'),(51007,1,4,50995,'郭扶镇'),(51008,1,4,50995,'横山镇'),(51009,1,4,50995,'隆盛镇'),(51010,1,4,50995,'三角镇'),(51011,1,4,50995,'石壕镇'),(51012,1,4,50995,'石角镇'),(51013,1,4,50995,'新盛镇'),(51014,1,4,50995,'永城镇'),(51015,1,4,50995,'永新镇'),(51016,1,4,50995,'中峰镇'),(51017,1,4,50995,'篆塘镇'),(51018,1,4,50995,'丛林镇'),(51019,1,4,50995,'关坝镇'),(51020,1,4,50995,'黑山镇'),(51021,1,4,50995,'金桥镇'),(51022,1,4,50995,'南桐镇'),(51023,1,4,50995,'青年镇'),(51024,1,4,50995,'石林镇'),(51025,1,4,50995,'万东镇'),(51029,1,13,1042,'开发区'),(51081,1,1,2810,'亦庄经济开发区'),(51091,1,19,1601,'广州大学城'),(51125,1,1,2812,'北石槽镇'),(51126,1,1,2812,'北务镇'),(51127,1,1,2812,'北小营镇'),(51128,1,1,2812,'大孙各庄镇'),(51129,1,1,2812,'高丽营镇'),(51130,1,1,2812,'光明街道'),(51131,1,1,2812,'后沙峪地区'),(51132,1,1,2812,'空港街道'),(51133,1,1,2812,'李桥镇'),(51134,1,1,2812,'李遂镇'),(51135,1,1,2812,'龙湾屯镇'),(51136,1,1,2812,'马坡地区'),(51137,1,1,2812,'木林镇'),(51138,1,1,2812,'南彩镇'),(51139,1,1,2812,'南法信地区'),(51140,1,1,2812,'牛栏山地区'),(51141,1,1,2812,'仁和地区'),(51142,1,1,2812,'胜利街道'),(51143,1,1,2812,'石园街道'),(51144,1,1,2812,'双丰街道'),(51145,1,1,2812,'天竺地区'),(51146,1,1,2812,'旺泉街道'),(51147,1,1,2812,'杨镇地区'),(51148,1,1,2812,'张镇'),(51149,1,1,2812,'赵全营镇'),(51180,1,12,972,'丹徒新区'),(51198,1,4,50950,'大石坝镇'),(51202,1,4,132,'白桥镇'),(51203,1,4,132,'大德镇'),(51204,1,4,132,'金峰镇'),(51205,1,4,132,'谭家镇'),(51206,1,4,132,'天和镇'),(51207,1,4,132,'白泉乡'),(51216,1,1,2809,'六环内（马驹桥镇）'),(51217,1,1,2809,'六环外（马驹桥镇）'),(51218,1,1,2809,'永顺镇'),(51219,1,1,2809,'梨园镇'),(51220,1,1,2809,'宋庄镇'),(51221,1,1,2809,'漷县镇'),(51222,1,1,2809,'张家湾镇'),(51223,1,1,2809,'西集镇'),(51224,1,1,2809,'永乐店镇'),(51225,1,1,2809,'潞城镇'),(51226,1,1,2809,'台湖镇'),(51227,1,1,2809,'于家务乡'),(51228,1,1,2809,'中仓街道'),(51229,1,1,2809,'新华街道'),(51230,1,1,2809,'玉桥街道'),(51231,1,1,2809,'北苑街道'),(51232,1,1,2809,'次渠镇'),(51245,1,21,1857,'龙虎山风景旅游区'),(51505,1,1,3065,'延庆镇'),(51506,1,1,3065,'城区'),(51507,1,1,3065,'康庄镇'),(51508,1,1,3065,'八达岭镇'),(51509,1,1,3065,'永宁镇'),(51510,1,1,3065,'旧县镇'),(51511,1,1,3065,'张山营镇'),(51512,1,1,3065,'四海镇'),(51513,1,1,3065,'千家店镇'),(51514,1,1,3065,'沈家营镇'),(51515,1,1,3065,'大榆树镇'),(51516,1,1,3065,'井庄镇'),(51517,1,1,3065,'大庄科乡'),(51518,1,1,3065,'刘斌堡乡'),(51519,1,1,3065,'香营乡'),(51520,1,1,3065,'珍珠泉乡'),(51528,1,1,2808,'城区'),(51529,1,1,2808,'大安山乡'),(51530,1,1,2808,'大石窝镇'),(51531,1,1,2808,'窦店镇'),(51532,1,1,2808,'佛子庄乡'),(51534,1,1,2808,'韩村河镇'),(51535,1,1,2808,'河北镇'),(51536,1,1,2808,'良乡镇'),(51537,1,1,2808,'琉璃河镇'),(51538,1,1,2808,'南窖乡'),(51539,1,1,2808,'蒲洼乡'),(51540,1,1,2808,'青龙湖镇'),(51541,1,1,2808,'十渡镇'),(51542,1,1,2808,'石楼镇'),(51543,1,1,2808,'史家营乡'),(51544,1,1,2808,'霞云岭乡'),(51545,1,1,2808,'新镇'),(51546,1,1,2808,'阎村镇'),(51547,1,1,2808,'燕山地区'),(51548,1,1,2808,'张坊镇'),(51549,1,1,2808,'长沟镇'),(51550,1,1,2808,'长阳镇'),(51551,1,1,2808,'周口店镇'),(51552,1,1,2807,'城区'),(51553,1,1,2807,'龙泉镇'),(51554,1,1,2807,'永定镇'),(51555,1,1,2807,'大台镇'),(51556,1,1,2807,'潭柘寺镇'),(51557,1,1,2807,'王平镇'),(51558,1,1,2807,'军庄镇'),(51559,1,1,2807,'妙峰山镇'),(51560,1,1,2807,'雁翅镇'),(51561,1,1,2807,'斋堂镇'),(51562,1,1,2807,'清水镇'),(51706,1,4,131,'永乐镇'),(51800,1,2,2830,'城区'),(51801,1,2,2830,'川沙新镇'),(51802,1,2,2830,'高桥镇'),(51803,1,2,2830,'北蔡镇'),(51804,1,2,2830,'合庆镇'),(51805,1,2,2830,'唐镇'),(51806,1,2,2830,'曹路镇'),(51807,1,2,2830,'金桥镇'),(51808,1,2,2830,'高行镇'),(51809,1,2,2830,'高东镇'),(51810,1,2,2830,'张江镇'),(51811,1,2,2830,'三林镇'),(51812,1,2,2830,'南汇新城镇'),(51822,1,2,2830,'祝桥镇'),(51823,1,2,2830,'新场镇'),(51824,1,2,2830,'惠南镇'),(51825,1,2,2830,'康桥镇'),(51826,1,2,2830,'宣桥镇'),(51827,1,2,2830,'书院镇'),(51828,1,2,2830,'大团镇'),(51829,1,2,2830,'周浦镇'),(51830,1,2,2830,'芦潮港镇'),(51831,1,2,2830,'泥城镇'),(51832,1,2,2830,'航头镇'),(51833,1,2,2830,'万祥镇'),(51834,1,2,2830,'老港镇'),(51881,1,27,2376,'新城区'),(51911,1,2,2824,'罗店镇'),(51912,1,2,2824,'大场镇'),(51913,1,2,2824,'杨行镇'),(51914,1,2,2824,'月浦镇'),(51915,1,2,2824,'罗泾镇'),(51916,1,2,2824,'顾村镇'),(51917,1,2,2824,'高境镇'),(51918,1,2,2824,'庙行镇'),(51919,1,2,2824,'淞南镇'),(51920,1,2,2824,'宝山城市工业园区'),(51921,1,2,2824,'城区'),(51928,1,2,2837,'南桥镇'),(51929,1,2,2837,'奉城镇'),(51930,1,2,2837,'四团镇'),(51931,1,2,2825,'城区'),(51932,1,2,2825,'莘庄镇'),(51933,1,2,2825,'七宝镇'),(51934,1,2,2825,'浦江镇'),(51935,1,2,2825,'梅陇镇'),(51936,1,2,2825,'虹桥镇'),(51937,1,2,2825,'马桥镇'),(51938,1,2,2825,'吴泾镇'),(51939,1,2,2825,'华漕镇'),(51940,1,2,2825,'颛桥镇'),(51941,1,2,2826,'城区'),(51942,1,2,2826,'南翔镇'),(51943,1,2,2826,'马陆镇'),(51944,1,2,2826,'华亭镇'),(51945,1,2,2826,'江桥镇'),(51946,1,2,2826,'菊园新区'),(51947,1,2,2826,'安亭镇'),(51948,1,2,2826,'徐行镇'),(51949,1,2,2826,'外冈镇'),(51950,1,2,2826,'嘉定工业区'),(51951,1,2,2833,'朱家角镇'),(51952,1,2,2833,'赵巷镇'),(51953,1,2,2833,'徐泾镇'),(51954,1,2,2833,'华新镇'),(51955,1,2,2833,'重固镇'),(51956,1,2,2833,'白鹤镇'),(51957,1,2,2833,'练塘镇'),(51958,1,2,2833,'金泽镇'),(51959,1,2,2833,'城区'),(51960,1,2,2835,'城区'),(51961,1,2,2835,'金山工业区'),(51962,1,2,2835,'朱泾镇'),(51963,1,2,2835,'枫泾镇'),(51964,1,2,2835,'张堰镇'),(51965,1,2,2835,'亭林镇'),(51966,1,2,2835,'吕巷镇'),(51967,1,2,2835,'廊下镇'),(51968,1,2,2835,'金山卫镇'),(51970,1,2,2835,'漕泾镇'),(51971,1,2,2835,'山阳镇'),(51972,1,2,2820,'城区'),(51973,1,2,2817,'城区'),(51974,1,2,2823,'城区'),(51975,1,2,2815,'城区'),(51976,1,2,2813,'城区'),(51978,1,2,78,'城区'),(51979,1,2,2822,'城区'),(51980,1,2,2841,'城区'),(51982,1,2,2834,'城区'),(51983,1,2,2834,'泗泾镇'),(51984,1,2,2834,'佘山镇'),(51985,1,2,2834,'车墩镇'),(51986,1,2,2834,'新桥镇'),(51987,1,2,2834,'洞泾镇'),(51988,1,2,2834,'九亭镇'),(51989,1,2,2834,'泖港镇'),(51990,1,2,2834,'石湖荡镇'),(51991,1,2,2834,'新浜镇'),(51992,1,2,2834,'叶榭镇'),(51993,1,2,2834,'小昆山镇'),(51994,1,2,2837,'柘林镇'),(51995,1,2,2837,'庄行镇'),(51996,1,2,2837,'金汇镇'),(51997,1,2,2837,'青村镇'),(51998,1,2,2837,'海湾镇'),(52023,1,13,1072,'兰陵县'),(52075,1,27,2376,'西安武警工程学院'),(52083,1,4,132,'岳溪镇'),(52093,1,19,1657,'城区'),(52305,1,7,2780,'城区'),(52306,1,17,2983,'城区'),(52484,1,4,113,'城区'),(52485,1,4,114,'城区'),(52486,1,4,119,'城区'),(52487,1,4,126,'城区'),(52488,1,4,128,'城区'),(52489,1,4,48201,'城区'),(52490,1,4,48202,'城区'),(52491,1,4,48203,'城区'),(52492,1,4,48204,'城区'),(52493,1,4,48205,'城区'),(52494,1,4,48206,'城区'),(52495,1,4,48207,'城区'),(52496,1,4,50951,'城区'),(52497,1,4,50995,'城区'),(52607,1,22,2016,'前锋区'),(52623,1,22,2042,'恩阳区'),(52790,1,31,2723,'阿拉山口市'),(52830,1,14,1114,'铜官区'),(52831,1,14,1121,'寿县'),(52832,1,14,1114,'枞阳县'),(52996,1,52993,52994,'中西区'),(52997,1,52993,52994,'东区'),(52998,1,52993,52994,'九龙城区'),(52999,1,52993,52994,'观塘区'),(53000,1,52993,52994,'深水埗区'),(53001,1,52993,52994,'湾仔区'),(53002,1,52993,52994,'黄大仙区'),(53003,1,52993,52994,'油尖旺区'),(53004,1,52993,52994,'离岛区'),(53005,1,52993,52994,'葵青区'),(53006,1,52993,52994,'北区'),(53007,1,52993,52994,'西贡区'),(53008,1,52993,52994,'沙田区'),(53009,1,52993,52994,'屯门区'),(53010,1,52993,52994,'大埔区'),(53011,1,52993,52994,'荃湾区'),(53012,1,52993,52994,'元朗区'),(53013,1,52993,52994,'香港'),(53014,1,52993,52994,'九龙'),(53015,1,52993,52994,'新界'),(53016,1,52993,52995,'澳门特别行政区'),(53017,1,52993,52995,'澳门半岛'),(53018,1,52993,52995,'凼仔'),(53019,1,52993,52995,'路凼城'),(53020,1,52993,52995,'路环');
/*!40000 ALTER TABLE `tb_county` ENABLE KEYS */;
UNLOCK TABLES;

--
-- Table structure for table `tb_province`
--

DROP TABLE IF EXISTS `tb_province`;
/*!40101 SET @saved_cs_client     = @@character_set_client */;
/*!40101 SET character_set_client = utf8 */;
CREATE TABLE `tb_province` (
  `id` int(11) NOT NULL AUTO_INCREMENT,
  `country_id` int(11) NOT NULL,
  `name` varchar(255) COLLATE utf8_bin NOT NULL,
  PRIMARY KEY (`id`)
) ENGINE=InnoDB AUTO_INCREMENT=52995 DEFAULT CHARSET=utf8 COLLATE=utf8_bin;
/*!40101 SET character_set_client = @saved_cs_client */;

--
-- Dumping data for table `tb_province`
--

LOCK TABLES `tb_province` WRITE;
/*!40000 ALTER TABLE `tb_province` DISABLE KEYS */;
INSERT INTO `tb_province` VALUES (1,1,'北京'),(2,1,'上海'),(3,1,'天津'),(4,1,'重庆'),(5,1,'河北'),(6,1,'山西'),(7,1,'河南'),(8,1,'辽宁'),(9,1,'吉林'),(10,1,'黑龙江'),(11,1,'内蒙古'),(12,1,'江苏'),(13,1,'山东'),(14,1,'安徽'),(15,1,'浙江'),(16,1,'福建'),(17,1,'湖北'),(18,1,'湖南'),(19,1,'广东'),(20,1,'广西'),(21,1,'江西'),(22,1,'四川'),(23,1,'海南'),(24,1,'贵州'),(25,1,'云南'),(26,1,'西藏'),(27,1,'陕西'),(28,1,'甘肃'),(29,1,'青海'),(30,1,'宁夏'),(31,1,'新疆'),(32,1,'台湾'),(84,1,'钓鱼岛'),(52993,1,'港澳'),(52994,2,'新德里');
/*!40000 ALTER TABLE `tb_province` ENABLE KEYS */;
UNLOCK TABLES;

--
-- Table structure for table `tb_travel`
--

DROP TABLE IF EXISTS `tb_travel`;
/*!40101 SET @saved_cs_client     = @@character_set_client */;
/*!40101 SET character_set_client = utf8 */;
CREATE TABLE `tb_travel` (
  `id` int(11) NOT NULL AUTO_INCREMENT,
  `destination` varchar(255) COLLATE utf8_bin NOT NULL,
  `meeting_time` datetime NOT NULL,
  `meeting_country` varchar(255) COLLATE utf8_bin NOT NULL,
  `meeting_province` varchar(255) COLLATE utf8_bin NOT NULL,
  `meeting_city` varchar(255) COLLATE utf8_bin NOT NULL,
  `meeting_place` varchar(512) COLLATE utf8_bin NOT NULL,
  `sponsor` int(11) NOT NULL,
  `create_time` datetime NOT NULL,
  `participants_number` int(11) NOT NULL,
  `status` int(11) NOT NULL,
  `title` varchar(512) COLLATE utf8_bin NOT NULL,
  `description` varchar(2048) COLLATE utf8_bin NOT NULL,
  `sponsor_mobile` varchar(45) COLLATE utf8_bin NOT NULL,
  `sponsor_wechat` varchar(45) COLLATE utf8_bin NOT NULL,
  `visitors` int(11) NOT NULL,
  `budget` int(11) NOT NULL,
  `img_url` varchar(512) COLLATE utf8_bin NOT NULL,
  PRIMARY KEY (`id`)
) ENGINE=InnoDB DEFAULT CHARSET=utf8 COLLATE=utf8_bin;
/*!40101 SET character_set_client = @saved_cs_client */;

--
-- Dumping data for table `tb_travel`
--

LOCK TABLES `tb_travel` WRITE;
/*!40000 ALTER TABLE `tb_travel` DISABLE KEYS */;
/*!40000 ALTER TABLE `tb_travel` ENABLE KEYS */;
UNLOCK TABLES;

--
-- Table structure for table `tb_user`
--

DROP TABLE IF EXISTS `tb_user`;
/*!40101 SET @saved_cs_client     = @@character_set_client */;
/*!40101 SET character_set_client = utf8 */;
CREATE TABLE `tb_user` (
  `id` int(11) NOT NULL AUTO_INCREMENT,
  `open_id` varchar(45) COLLATE utf8_bin NOT NULL,
  `nickname` varchar(45) COLLATE utf8_bin NOT NULL,
  `sex` varchar(45) COLLATE utf8_bin NOT NULL,
  `province` varchar(45) COLLATE utf8_bin NOT NULL,
  `city` varchar(45) COLLATE utf8_bin NOT NULL,
  `country` varchar(45) COLLATE utf8_bin NOT NULL,
  `head_img_url` varchar(512) COLLATE utf8_bin NOT NULL,
  `privilege` varchar(512) COLLATE utf8_bin NOT NULL,
  `union_id` varchar(45) COLLATE utf8_bin DEFAULT NULL,
  `mobile` varchar(45) COLLATE utf8_bin DEFAULT NULL,
  PRIMARY KEY (`id`),
  UNIQUE KEY `open_id_UNIQUE` (`open_id`)
) ENGINE=InnoDB AUTO_INCREMENT=3 DEFAULT CHARSET=utf8 COLLATE=utf8_bin;
/*!40101 SET character_set_client = @saved_cs_client */;

--
-- Dumping data for table `tb_user`
--

LOCK TABLES `tb_user` WRITE;
/*!40000 ALTER TABLE `tb_user` DISABLE KEYS */;
INSERT INTO `tb_user` VALUES (1,'11','','','','','','','','',NULL),(2,'oCV2Lv4EPu766DWXa5uXTmtDLD00','耀扬','1','广东','深圳','中国','http://wx.qlogo.cn/mmopen/vVLcqLL3AFP470EibtibyRL1v3PDC1kibnic5oF07PM7vY2n8d8mjgwJTrot8AWIMmM5Q3JE9IS76xCJLCO9WNT21iak8qk8qasGc/0','','','');
/*!40000 ALTER TABLE `tb_user` ENABLE KEYS */;
UNLOCK TABLES;
/*!40103 SET TIME_ZONE=@OLD_TIME_ZONE */;

/*!40101 SET SQL_MODE=@OLD_SQL_MODE */;
/*!40014 SET FOREIGN_KEY_CHECKS=@OLD_FOREIGN_KEY_CHECKS */;
/*!40014 SET UNIQUE_CHECKS=@OLD_UNIQUE_CHECKS */;
/*!40101 SET CHARACTER_SET_CLIENT=@OLD_CHARACTER_SET_CLIENT */;
/*!40101 SET CHARACTER_SET_RESULTS=@OLD_CHARACTER_SET_RESULTS */;
/*!40101 SET COLLATION_CONNECTION=@OLD_COLLATION_CONNECTION */;
/*!40111 SET SQL_NOTES=@OLD_SQL_NOTES */;

-- Dump completed on 2016-09-27 19:21:46
